loss,config,halt_threshold,n_sup,epoch,train_ce,train_qloss,avg_steps_train,halt_logit_mean,halt_logit_std,halt_logit_max,pct_logit_gt0,pct_logit_gt1p5,train_pct_step1,train_pct_never,val_acc,val_steps_mean,val_pct_step1,val_pct_never
softmean,halt-0,0.0,5,0,1.6185,0.6229,5.0,-0.743,0.402,0.267,0.3,0.0,1.4,98.6,0.08,4.97,0.0,99.1
softmean,halt-0,0.0,5,10,0.9364,0.6574,1.953091684434968,0.381,0.286,1.861,90.6,0.0,96.4,3.2,2.52,1.06,98.2,1.5
softmean,halt-0,0.0,5,20,0.5481,0.5377,1.0,1.220,0.196,1.926,100.0,7.8,100.0,0.0,9.18,1.00,100.0,0.0
softmean,halt-0,0.0,5,30,0.3628,0.4190,1.0,1.767,0.322,3.216,100.0,79.9,100.0,0.0,44.58,1.00,100.0,0.0
softmean,halt-0,0.0,5,40,0.0341,0.0604,1.0,4.832,0.907,8.342,100.0,100.0,100.0,0.0,95.44,1.00,100.0,0.0
softmean,halt-0,0.0,5,50,0.0253,0.0458,1.0,5.457,1.238,9.940,100.0,100.0,100.0,0.0,97.34,1.00,100.0,0.0
softmean,halt-0,0.0,5,60,0.0223,0.0364,1.0,5.836,1.358,10.234,100.0,100.0,100.0,0.0,99.66,1.00,100.0,0.0
softmean,halt-0,0.0,5,70,0.0387,0.0446,1.0021321961620469,5.909,1.637,10.760,100.0,99.6,100.0,0.0,99.68,1.00,100.0,0.0
softmean,halt-0,0.0,5,80,0.0118,0.0236,1.0,6.425,1.305,11.255,100.0,100.0,100.0,0.0,96.86,1.00,100.0,0.0
softmean,halt-0,0.0,5,90,0.0157,0.0272,1.0,6.152,1.300,10.542,100.0,100.0,100.0,0.0,97.26,1.00,100.0,0.0
softmean,halt-1.5,1.5,5,0,1.6268,0.6183,5.0,-0.752,0.418,0.083,0.1,0.0,0.0,100.0,0.08,5.00,0.0,100.0
softmean,halt-1.5,1.5,5,10,0.7100,0.6067,5.0,0.881,0.251,1.792,99.8,0.3,0.4,99.3,6.44,4.97,0.5,99.1
softmean,halt-1.5,1.5,5,20,0.5510,0.5381,5.0,1.218,0.203,2.009,100.0,7.9,7.3,89.4,8.32,4.55,7.2,87.4
softmean,halt-1.5,1.5,5,30,0.5084,0.5127,5.0,1.335,0.179,2.062,100.0,18.9,16.9,76.9,12.44,3.77,25.8,67.5
softmean,halt-1.5,1.5,5,40,0.2061,0.2070,1.9836531627576404,2.557,1.009,6.048,100.0,86.4,94.0,4.8,53.28,1.19,94.2,4.3
softmean,halt-1.5,1.5,5,50,0.0435,0.0550,1.091684434968017,5.029,1.470,10.176,100.0,99.6,99.9,0.1,98.14,1.00,100.0,0.0
softmean,halt-1.5,1.5,5,60,0.0119,0.0136,1.0,6.797,1.210,11.364,100.0,100.0,100.0,0.0,98.72,1.00,100.0,0.0
softmean,halt-1.5,1.5,5,70,0.1709,0.1366,2.031272210376688,3.466,2.140,11.125,99.7,88.8,95.2,4.2,96.82,1.00,100.0,0.0
softmean,halt-1.5,1.5,5,80,0.0540,0.0371,1.1620469083155651,6.224,2.277,12.019,99.6,94.8,98.7,1.1,42.82,3.16,43.9,53.2
softmean,halt-1.5,1.5,5,90,0.0080,0.0171,1.0,7.213,1.807,14.270,100.0,100.0,100.0,0.0,98.12,1.00,100.0,0.0
softmean,nsup-1,0.0,1,0,1.6129,0.6244,1.0,-0.724,0.383,0.196,0.3,0.0,100.0,100.0,0.10,1.00,100.0,100.0
softmean,nsup-1,0.0,1,10,0.6493,0.5857,1.0,0.991,0.257,1.977,100.0,2.5,100.0,100.0,7.92,1.00,100.0,100.0
softmean,nsup-1,0.0,1,20,0.5414,0.5338,1.0,1.237,0.193,1.955,100.0,9.0,100.0,100.0,8.60,1.00,100.0,100.0
softmean,nsup-1,0.0,1,30,0.0982,0.1373,1.0,3.598,0.631,6.535,100.0,99.9,100.0,100.0,86.60,1.00,100.0,100.0
softmean,nsup-1,0.0,1,40,0.0402,0.0688,1.0,4.677,0.954,8.324,100.0,100.0,100.0,100.0,94.26,1.00,100.0,100.0
softmean,nsup-1,0.0,1,50,0.0356,0.0545,1.0,5.104,1.093,9.834,100.0,99.9,100.0,100.0,94.06,1.00,100.0,100.0
softmean,nsup-1,0.0,1,60,0.0264,0.0441,1.0,5.289,0.995,9.408,100.0,100.0,100.0,100.0,97.56,1.00,100.0,100.0
softmean,nsup-1,0.0,1,70,0.0185,0.0351,1.0,5.561,1.004,9.983,100.0,100.0,100.0,100.0,98.74,1.00,100.0,100.0
softmean,nsup-1,0.0,1,80,0.0233,0.0315,1.0,6.096,1.253,10.487,100.0,99.8,100.0,100.0,76.86,1.00,100.0,100.0
softmean,nsup-1,0.0,1,90,0.0142,0.0261,1.0,6.226,1.311,11.740,100.0,100.0,100.0,100.0,98.90,1.00,100.0,100.0
softmean,halt-3.0,3.0,5,0,1.6237,0.6191,5.0,-0.751,0.416,0.109,0.3,0.0,0.0,100.0,0.08,5.00,0.0,100.0
softmean,halt-3.0,3.0,5,10,0.6891,0.6004,5.0,0.913,0.256,1.837,99.9,0.7,0.0,100.0,6.62,5.00,0.0,100.0
softmean,halt-3.0,3.0,5,20,0.5531,0.5397,5.0,1.210,0.201,2.054,100.0,6.9,0.0,100.0,9.00,5.00,0.0,100.0
softmean,halt-3.0,3.0,5,30,0.5112,0.5138,5.0,1.328,0.184,2.128,100.0,18.2,0.0,100.0,13.52,5.00,0.0,100.0
softmean,halt-3.0,3.0,5,40,0.1689,0.1936,4.9815209665955935,3.094,0.558,5.465,100.0,99.3,52.6,33.8,75.54,2.04,65.2,22.2
softmean,halt-3.0,3.0,5,50,0.1362,0.1518,4.844349680170576,3.464,0.604,5.870,100.0,99.7,74.4,16.2,77.50,2.59,51.4,36.5
softmean,halt-3.0,3.0,5,60,0.1672,0.1510,4.7690120824449185,3.489,0.693,5.912,100.0,99.2,73.1,17.0,85.78,2.61,53.4,37.7
softmean,halt-3.0,3.0,5,70,0.1166,0.1158,4.550817341862118,3.853,0.734,6.773,100.0,99.9,85.9,9.2,90.04,1.25,90.3,4.8
softmean,halt-3.0,3.0,5,80,0.0963,0.0996,3.616915422885572,4.012,0.802,7.344,100.0,99.9,90.9,6.0,87.28,1.72,77.6,16.3
softmean,halt-3.0,3.0,5,90,0.0923,0.0924,3.8272921108742004,4.162,0.853,7.324,100.0,99.9,91.8,5.1,86.60,1.35,88.3,7.6
softmean,nsup-16,0.0,16,0,1.6392,0.6163,16.0,-0.779,0.436,0.233,0.5,0.0,1.3,98.6,0.06,16.00,0.0,100.0
softmean,nsup-16,0.0,16,10,1.0739,0.6898,12.73134328358209,0.153,0.153,0.875,83.7,0.0,87.3,10.3,2.00,1.50,95.5,3.2
softmean,nsup-16,0.0,16,20,0.5612,0.5443,1.0,1.190,0.203,2.077,100.0,6.7,100.0,0.0,8.46,1.00,100.0,0.0
softmean,nsup-16,0.0,16,30,0.5203,0.5216,1.0,1.292,0.186,2.006,100.0,14.3,100.0,0.0,9.72,1.00,100.0,0.0
softmean,nsup-16,0.0,16,40,0.0663,0.1007,1.0,4.097,0.786,7.246,100.0,99.9,100.0,0.0,89.48,1.00,100.0,0.0
softmean,nsup-16,0.0,16,50,0.0459,0.0641,1.0,4.862,1.056,8.540,100.0,99.8,100.0,0.0,96.94,1.00,100.0,0.0
softmean,nsup-16,0.0,16,60,0.0196,0.0388,1.0,5.384,0.914,8.632,100.0,100.0,100.0,0.0,98.66,1.00,100.0,0.0
softmean,nsup-16,0.0,16,70,0.0200,0.0395,1.0,5.426,1.017,8.865,100.0,100.0,100.0,0.0,98.58,1.00,100.0,0.0
softmean,nsup-16,0.0,16,80,0.0217,0.0369,1.0,5.720,1.186,10.384,100.0,100.0,100.0,0.0,94.26,1.00,100.0,0.0
softmean,nsup-16,0.0,16,90,0.0132,0.0241,1.0,6.272,1.210,9.874,100.0,100.0,100.0,0.0,94.72,1.00,100.0,0.0
binary-em,halt-0,0.0,5,0,1.6411,0.0155,5.0,-8.634,3.023,-0.030,0.0,0.0,0.0,100.0,0.08,5.00,0.0,100.0
binary-em,halt-0,0.0,5,10,0.6647,0.2695,5.0,-2.642,0.521,-0.657,0.0,0.0,0.0,100.0,6.82,5.00,0.0,100.0
binary-em,halt-0,0.0,5,20,0.5662,0.3253,5.0,-2.263,0.365,-0.502,0.0,0.0,0.0,100.0,8.22,5.00,0.0,100.0
binary-em,halt-0,0.0,5,30,0.4710,0.5020,5.0,-1.425,0.410,0.333,0.1,0.0,0.1,99.8,23.06,5.00,0.1,99.9
binary-em,halt-0,0.0,5,40,0.1232,0.3643,1.6226012793176972,1.380,1.378,5.234,82.3,49.2,93.7,5.2,66.80,1.63,81.0,14.3
binary-em,halt-0,0.0,5,50,0.0176,0.0915,1.0007107320540156,4.455,1.093,9.381,100.0,99.8,100.0,0.0,96.86,1.00,100.0,0.0
binary-em,halt-0,0.0,5,60,0.0108,0.0472,1.0,5.254,1.140,10.267,100.0,100.0,100.0,0.0,99.12,1.00,100.0,0.0
binary-em,halt-0,0.0,5,70,0.0060,0.0286,1.0007107320540156,6.188,1.317,11.589,100.0,99.9,100.0,0.0,98.88,1.00,100.0,0.0
binary-em,halt-0,0.0,5,80,0.0098,0.0717,1.0,5.183,1.555,11.000,100.0,99.8,100.0,0.0,98.38,1.00,100.0,0.0
binary-em,halt-0,0.0,5,90,0.0142,0.0704,1.0099502487562189,4.834,1.636,10.342,100.0,97.4,100.0,0.0,99.46,1.00,100.0,0.0
binary-em,halt-1.5,1.5,5,0,1.6255,0.0200,5.0,-7.781,2.765,0.047,0.1,0.0,0.0,100.0,0.06,5.00,0.0,100.0
binary-em,halt-1.5,1.5,5,10,0.6819,0.2585,5.0,-2.711,0.569,-0.184,0.0,0.0,0.0,100.0,6.86,5.00,0.0,100.0
binary-em,halt-1.5,1.5,5,20,0.5514,0.3359,5.0,-2.202,0.345,-0.773,0.0,0.0,0.0,100.0,9.22,5.00,0.0,100.0
binary-em,halt-1.5,1.5,5,30,0.4984,0.4421,5.0,-1.696,0.346,-0.298,0.0,0.0,0.0,100.0,16.36,5.00,0.0,100.0
binary-em,halt-1.5,1.5,5,40,0.1610,0.4122,4.909026297085998,1.865,0.659,4.327,99.3,72.7,67.6,23.0,88.08,1.48,84.1,10.4
binary-em,halt-1.5,1.5,5,50,0.1873,0.3747,4.633262260127932,2.039,0.773,4.505,99.1,76.9,74.6,18.2,86.14,1.23,91.6,4.7
binary-em,halt-1.5,1.5,5,60,0.1206,0.3260,4.384506041222459,2.274,0.713,4.986,99.9,85.4,84.6,11.0,92.32,1.07,96.6,1.0
binary-em,halt-1.5,1.5,5,70,0.1728,0.3335,4.565031982942431,2.245,0.739,4.586,99.2,85.1,84.3,11.7,79.48,1.28,90.5,6.1
binary-em,halt-1.5,1.5,5,80,0.1327,0.3194,4.442786069651741,2.332,0.768,5.568,99.8,86.0,85.7,10.9,90.64,1.18,94.3,4.1
binary-em,halt-1.5,1.5,5,90,0.0833,0.2302,3.037668798862829,2.611,1.438,8.786,99.1,82.7,88.5,9.5,87.56,1.42,87.9,10.0
binary-em,halt-3.0,3.0,5,0,1.6359,0.0190,5.0,-7.495,2.398,0.008,0.0,0.0,0.0,100.0,0.10,5.00,0.0,100.0
binary-em,halt-3.0,3.0,5,10,0.6654,0.2644,5.0,-2.674,0.536,-0.668,0.0,0.0,0.0,100.0,7.12,5.00,0.0,100.0
binary-em,halt-3.0,3.0,5,20,0.5525,0.3331,5.0,-2.220,0.357,-0.578,0.0,0.0,0.0,100.0,8.36,5.00,0.0,100.0
binary-em,halt-3.0,3.0,5,30,0.5253,0.3705,5.0,-2.025,0.321,-0.401,0.0,0.0,0.0,100.0,9.36,5.00,0.0,100.0
binary-em,halt-3.0,3.0,5,40,0.1183,0.3974,5.0,1.934,0.757,4.437,98.4,75.0,3.6,91.8,89.68,4.71,5.1,91.7
binary-em,halt-3.0,3.0,5,50,0.0859,0.2695,5.0,2.775,0.959,5.753,99.3,89.9,36.4,50.1,94.10,2.81,43.9,41.0
binary-em,halt-3.0,3.0,5,60,0.0580,0.2031,4.994314143567875,3.182,0.885,6.170,99.8,96.0,53.8,33.9,93.80,1.87,71.6,19.1
binary-em,halt-3.0,3.0,5,70,0.0708,0.2000,4.979388770433546,3.224,0.916,6.205,99.8,95.4,56.6,31.6,92.50,1.81,70.3,16.7
binary-em,halt-3.0,3.0,5,80,0.0762,0.1886,4.982942430703624,3.343,1.000,6.578,99.7,95.2,60.1,28.7,87.94,2.29,57.4,28.2
binary-em,halt-3.0,3.0,5,90,0.0652,0.1687,4.9502487562189055,3.526,0.897,6.942,99.9,98.1,67.9,21.8,81.12,4.89,1.1,96.7
binary-em,nsup-1,0.0,1,0,1.6313,0.0182,1.0,-7.587,2.406,0.019,0.0,0.0,100.0,100.0,0.06,1.00,100.0,100.0
binary-em,nsup-1,0.0,1,10,0.8161,0.1780,1.0,-3.362,0.713,-0.911,0.0,0.0,100.0,100.0,5.94,1.00,100.0,100.0
binary-em,nsup-1,0.0,1,20,0.5408,0.3399,1.0,-2.189,0.352,-0.644,0.0,0.0,100.0,100.0,8.90,1.00,100.0,100.0
binary-em,nsup-1,0.0,1,30,0.2601,0.6539,1.0,0.304,0.731,3.389,63.9,5.7,100.0,100.0,72.50,1.00,100.0,100.0
binary-em,nsup-1,0.0,1,40,0.0558,0.2249,1.0,3.171,1.219,7.991,99.5,90.7,100.0,100.0,95.46,1.00,100.0,100.0
binary-em,nsup-1,0.0,1,50,0.0244,0.1460,1.0,3.755,0.986,7.345,99.9,98.2,100.0,100.0,95.22,1.00,100.0,100.0
binary-em,nsup-1,0.0,1,60,0.0207,0.1164,1.0,4.211,1.146,8.554,99.9,98.6,100.0,100.0,87.20,1.00,100.0,100.0
binary-em,nsup-1,0.0,1,70,0.0261,0.1265,1.0,4.100,1.251,8.390,99.9,97.5,100.0,100.0,98.24,1.00,100.0,100.0
binary-em,nsup-1,0.0,1,80,0.0144,0.0998,1.0,4.324,1.055,8.690,100.0,99.3,100.0,100.0,98.32,1.00,100.0,100.0
binary-em,nsup-1,0.0,1,90,0.0196,0.0953,1.0,4.662,1.441,10.028,99.9,98.6,100.0,100.0,99.06,1.00,100.0,100.0
binary-em,nsup-16,0.0,16,0,1.6314,0.0194,15.957356076759062,-7.889,2.714,0.093,0.2,0.0,0.4,99.6,0.08,16.00,0.0,100.0
binary-em,nsup-16,0.0,16,10,0.6857,0.2629,16.0,-2.700,0.540,-0.138,0.0,0.0,0.0,100.0,6.96,16.00,0.0,100.0
binary-em,nsup-16,0.0,16,20,0.5552,0.3342,16.0,-2.225,0.361,-0.659,0.0,0.0,0.0,100.0,8.32,16.00,0.0,100.0
binary-em,nsup-16,0.0,16,30,0.5107,0.4223,16.0,-1.791,0.381,-0.270,0.0,0.0,0.0,100.0,14.24,16.00,0.0,100.0
binary-em,nsup-16,0.0,16,40,0.2863,0.6511,12.077469793887705,0.485,0.434,2.561,87.1,1.1,89.4,8.5,52.06,1.61,93.5,3.8
binary-em,nsup-16,0.0,16,50,0.3082,0.5934,10.985785358919687,0.720,0.699,3.676,85.7,13.0,89.3,9.1,85.80,1.06,99.5,0.4
binary-em,nsup-16,0.0,16,60,0.2086,0.3989,6.357498223169865,0.710,0.923,6.222,83.9,10.8,93.6,5.8,96.54,1.00,100.0,0.0
binary-em,nsup-16,0.0,16,70,0.0147,0.0655,1.0127931769722816,4.808,1.170,8.674,100.0,99.6,100.0,0.0,98.72,1.00,100.0,0.0
binary-em,nsup-16,0.0,16,80,0.0104,0.0500,1.0,5.048,0.963,8.194,100.0,100.0,100.0,0.0,98.24,1.00,100.0,0.0
binary-em,nsup-16,0.0,16,90,0.0121,0.0612,1.0,4.800,1.043,9.294,100.0,99.9,100.0,0.0,99.06,1.00,100.0,0.0
geomean,halt-0,0.0,5,0,1.6453,0.4628,5.0,-1.558,0.379,-0.019,0.0,0.0,0.0,100.0,0.10,5.00,0.0,100.0
geomean,halt-0,0.0,5,10,0.6846,0.6929,5.0,-0.067,0.183,0.656,37.3,0.0,38.9,53.9,6.84,3.16,41.0,51.8
geomean,halt-0,0.0,5,20,0.6096,0.6924,4.9893390191897655,0.071,0.127,0.522,70.5,0.0,70.1,25.4,7.82,1.99,72.4,23.7
geomean,halt-0,0.0,5,30,0.5815,0.6899,4.930348258706467,0.135,0.134,0.598,82.3,0.0,81.5,15.5,7.68,1.24,92.2,5.4
geomean,halt-0,0.0,5,40,0.5686,0.6837,2.4378109452736316,0.189,0.136,0.753,92.9,0.0,96.4,3.0,14.14,1.00,100.0,0.0
geomean,halt-0,0.0,5,50,0.0475,0.1567,1.0,3.448,0.693,6.053,100.0,99.4,100.0,0.0,94.48,1.00,100.0,0.0
geomean,halt-0,0.0,5,60,0.0217,0.0877,1.0,4.361,0.920,7.590,100.0,99.9,100.0,0.0,95.00,1.00,100.0,0.0
geomean,halt-0,0.0,5,70,0.0172,0.0675,1.0,4.814,1.097,9.050,100.0,99.9,100.0,0.0,98.54,1.00,100.0,0.0
geomean,halt-0,0.0,5,80,0.1376,0.1870,1.3795309168443497,3.068,2.114,9.144,96.0,67.8,98.7,1.0,95.90,1.00,100.0,0.0
geomean,halt-0,0.0,5,90,0.0108,0.0543,1.0,4.959,1.077,9.096,100.0,99.9,100.0,0.0,99.64,1.00,100.0,0.0
geomean,halt-1.5,1.5,5,0,1.6364,0.4645,5.0,-1.550,0.376,-0.024,0.0,0.0,0.0,100.0,0.10,5.00,0.0,100.0
geomean,halt-1.5,1.5,5,10,0.6615,0.6914,5.0,-0.016,0.209,0.756,48.8,0.0,0.0,100.0,7.44,5.00,0.0,100.0
geomean,halt-1.5,1.5,5,20,0.5535,0.6858,5.0,0.218,0.166,0.826,89.0,0.0,0.0,100.0,7.66,5.00,0.0,100.0
geomean,halt-1.5,1.5,5,30,0.5117,0.6788,5.0,0.325,0.156,0.912,98.7,0.0,0.0,100.0,13.24,5.00,0.0,100.0
geomean,halt-1.5,1.5,5,40,0.2383,0.4115,4.8450604122245915,1.813,0.410,3.523,100.0,79.0,74.8,17.4,78.28,1.57,81.4,12.7
geomean,halt-1.5,1.5,5,50,0.2617,0.3831,4.505330490405117,1.937,0.499,3.843,99.9,82.0,82.5,14.5,78.04,1.35,89.9,8.2
geomean,halt-1.5,1.5,5,60,0.0309,0.1329,1.0014214641080312,3.582,0.560,5.793,100.0,100.0,100.0,0.0,96.24,1.00,100.0,0.0
geomean,halt-1.5,1.5,5,70,0.2135,0.3310,4.23454157782516,2.208,0.599,4.870,100.0,88.7,89.2,8.3,86.12,1.20,93.7,4.6
geomean,halt-1.5,1.5,5,80,0.2547,0.3379,4.16133617626155,2.148,0.604,4.775,99.9,85.6,87.6,10.9,89.16,1.03,98.8,0.7
geomean,halt-1.5,1.5,5,90,0.0086,0.0493,1.003553660270078,4.981,0.873,7.998,100.0,100.0,100.0,0.0,98.64,1.00,100.0,0.0
geomean,halt-3.0,3.0,5,0,1.6290,0.4681,5.0,-1.543,0.400,0.008,0.0,0.0,0.0,100.0,0.06,5.00,0.0,100.0
geomean,halt-3.0,3.0,5,10,0.6612,0.6912,5.0,-0.014,0.211,0.679,49.4,0.0,0.0,100.0,7.34,5.00,0.0,100.0
geomean,halt-3.0,3.0,5,20,0.5535,0.6854,5.0,0.220,0.171,0.819,89.3,0.0,0.0,100.0,8.54,5.00,0.0,100.0
geomean,halt-3.0,3.0,5,30,0.1939,0.4282,5.0,1.736,0.459,3.581,100.0,69.8,0.0,99.6,75.18,5.00,0.0,99.9
geomean,halt-3.0,3.0,5,40,0.1148,0.2440,5.0,2.793,0.744,5.071,99.5,94.6,28.0,49.2,87.70,2.68,42.0,36.1
geomean,halt-3.0,3.0,5,50,0.0862,0.1980,4.994314143567875,3.112,0.686,5.423,100.0,98.3,48.5,34.5,92.72,2.49,46.3,31.1
geomean,halt-3.0,3.0,5,60,0.0749,0.1803,4.953802416488983,3.258,0.685,5.562,99.9,98.7,57.8,26.3,91.72,2.05,62.7,22.2
geomean,halt-3.0,3.0,5,70,0.0778,0.1651,4.912579957356077,3.422,0.742,6.050,100.0,98.8,65.9,21.3,88.92,3.38,29.6,55.2
geomean,halt-3.0,3.0,5,80,0.0746,0.1552,4.810234541577826,3.462,0.699,6.143,100.0,99.2,70.7,18.9,92.54,1.71,76.3,15.5
geomean,halt-3.0,3.0,5,90,0.0673,0.1325,4.667377398720682,3.715,0.793,6.280,100.0,99.3,80.0,14.0,95.54,1.73,75.0,15.7
geomean,nsup-1,0.0,1,0,1.6230,0.4684,1.0,-1.540,0.371,-0.016,0.0,0.0,100.0,100.0,0.04,1.00,100.0,100.0
geomean,nsup-1,0.0,1,10,0.6366,0.6916,1.0,0.034,0.208,0.874,56.2,0.0,100.0,100.0,6.86,1.00,100.0,100.0
geomean,nsup-1,0.0,1,20,0.5398,0.6837,1.0,0.248,0.166,0.776,93.5,0.0,100.0,100.0,8.18,1.00,100.0,100.0
geomean,nsup-1,0.0,1,30,0.2700,0.5385,1.0,1.208,0.345,2.853,100.0,20.3,100.0,100.0,68.76,1.00,100.0,100.0
geomean,nsup-1,0.0,1,40,0.0365,0.1197,1.0,3.917,0.909,7.198,100.0,99.2,100.0,100.0,97.74,1.00,100.0,100.0
geomean,nsup-1,0.0,1,50,0.0283,0.0974,1.0,4.293,1.035,8.048,100.0,99.6,100.0,100.0,96.70,1.00,100.0,100.0
geomean,nsup-1,0.0,1,60,0.0167,0.0572,1.0,5.236,1.339,9.078,100.0,99.1,100.0,100.0,95.82,1.00,100.0,100.0
geomean,nsup-1,0.0,1,70,0.0200,0.0794,1.0,4.534,0.942,7.898,100.0,99.8,100.0,100.0,98.76,1.00,100.0,100.0
geomean,nsup-1,0.0,1,80,0.0251,0.0710,1.0,4.815,1.169,8.849,100.0,99.2,100.0,100.0,98.84,1.00,100.0,100.0
geomean,nsup-1,0.0,1,90,0.0165,0.0594,1.0,4.992,1.122,9.809,100.0,99.8,100.0,100.0,99.10,1.00,100.0,100.0
geomean,nsup-16,0.0,16,0,1.6240,0.4683,16.0,-1.540,0.386,-0.031,0.0,0.0,0.0,100.0,0.04,16.00,0.0,100.0
geomean,nsup-16,0.0,16,10,0.8412,0.6760,16.0,-0.367,0.199,0.554,2.7,0.0,3.9,94.2,5.62,11.22,24.9,67.3
geomean,nsup-16,0.0,16,20,0.6181,0.6929,15.990760483297796,0.048,0.124,0.566,65.3,0.0,65.5,28.8,6.66,4.11,73.4,20.3
geomean,nsup-16,0.0,16,30,0.6025,0.6921,15.762615493958778,0.085,0.124,0.601,76.1,0.0,75.8,20.9,7.90,5.20,68.5,27.7
geomean,nsup-16,0.0,16,40,0.6203,0.6914,14.673773987206824,0.103,0.109,0.552,82.5,0.0,83.3,14.2,9.94,2.30,89.9,8.5
geomean,nsup-16,0.0,16,50,0.1324,0.3570,1.0,2.078,0.448,4.347,100.0,90.5,100.0,0.0,83.90,1.00,100.0,0.0
geomean,nsup-16,0.0,16,60,0.0402,0.1290,1.0,3.818,0.914,7.138,100.0,99.3,100.0,0.0,96.74,1.00,100.0,0.0
geomean,nsup-16,0.0,16,70,0.1722,0.2579,2.565031982942431,1.466,1.521,6.627,89.8,34.4,98.3,1.5,98.04,1.00,100.0,0.0
geomean,nsup-16,0.0,16,80,0.0184,0.0777,1.0,4.514,0.924,8.291,100.0,99.9,100.0,0.0,97.78,1.00,100.0,0.0
geomean,nsup-16,0.0,16,90,0.0363,0.1369,1.0,3.723,1.124,7.331,100.0,98.2,100.0,0.0,98.76,1.00,100.0,0.0
