loss,config,halt_threshold,n_sup,split,epoch,step,count,val_acc,note
softmean,halt-0,0.0,5,train,0,1,613,0.08,
softmean,halt-0,0.0,5,train,0,2,0,0.08,
softmean,halt-0,0.0,5,train,0,3,0,0.08,
softmean,halt-0,0.0,5,train,0,4,1,0.08,
softmean,halt-0,0.0,5,train,0,5,44386,0.08,includes never-halted
softmean,halt-0,0.0,5,val,0,1,0,0.08,
softmean,halt-0,0.0,5,val,0,2,46,0.08,
softmean,halt-0,0.0,5,val,0,3,0,0.08,
softmean,halt-0,0.0,5,val,0,4,0,0.08,
softmean,halt-0,0.0,5,val,0,5,4954,0.08,includes never-halted
softmean,halt-0,0.0,5,train,10,1,43358,2.52,
softmean,halt-0,0.0,5,train,10,2,181,2.52,
softmean,halt-0,0.0,5,train,10,3,16,2.52,
softmean,halt-0,0.0,5,train,10,4,0,2.52,
softmean,halt-0,0.0,5,train,10,5,1445,2.52,includes never-halted
softmean,halt-0,0.0,5,val,10,1,4908,2.52,
softmean,halt-0,0.0,5,val,10,2,19,2.52,
softmean,halt-0,0.0,5,val,10,3,0,2.52,
softmean,halt-0,0.0,5,val,10,4,0,2.52,
softmean,halt-0,0.0,5,val,10,5,73,2.52,includes never-halted
softmean,halt-0,0.0,5,train,20,1,45000,9.18,
softmean,halt-0,0.0,5,train,20,2,0,9.18,
softmean,halt-0,0.0,5,train,20,3,0,9.18,
softmean,halt-0,0.0,5,train,20,4,0,9.18,
softmean,halt-0,0.0,5,train,20,5,0,9.18,includes never-halted
softmean,halt-0,0.0,5,val,20,1,5000,9.18,
softmean,halt-0,0.0,5,val,20,2,0,9.18,
softmean,halt-0,0.0,5,val,20,3,0,9.18,
softmean,halt-0,0.0,5,val,20,4,0,9.18,
softmean,halt-0,0.0,5,val,20,5,0,9.18,includes never-halted
softmean,halt-0,0.0,5,train,30,1,45000,44.58,
softmean,halt-0,0.0,5,train,30,2,0,44.58,
softmean,halt-0,0.0,5,train,30,3,0,44.58,
softmean,halt-0,0.0,5,train,30,4,0,44.58,
softmean,halt-0,0.0,5,train,30,5,0,44.58,includes never-halted
softmean,halt-0,0.0,5,val,30,1,5000,44.58,
softmean,halt-0,0.0,5,val,30,2,0,44.58,
softmean,halt-0,0.0,5,val,30,3,0,44.58,
softmean,halt-0,0.0,5,val,30,4,0,44.58,
softmean,halt-0,0.0,5,val,30,5,0,44.58,includes never-halted
softmean,halt-0,0.0,5,train,40,1,45000,95.44,
softmean,halt-0,0.0,5,train,40,2,0,95.44,
softmean,halt-0,0.0,5,train,40,3,0,95.44,
softmean,halt-0,0.0,5,train,40,4,0,95.44,
softmean,halt-0,0.0,5,train,40,5,0,95.44,includes never-halted
softmean,halt-0,0.0,5,val,40,1,5000,95.44,
softmean,halt-0,0.0,5,val,40,2,0,95.44,
softmean,halt-0,0.0,5,val,40,3,0,95.44,
softmean,halt-0,0.0,5,val,40,4,0,95.44,
softmean,halt-0,0.0,5,val,40,5,0,95.44,includes never-halted
softmean,halt-0,0.0,5,train,50,1,45000,97.34,
softmean,halt-0,0.0,5,train,50,2,0,97.34,
softmean,halt-0,0.0,5,train,50,3,0,97.34,
softmean,halt-0,0.0,5,train,50,4,0,97.34,
softmean,halt-0,0.0,5,train,50,5,0,97.34,includes never-halted
softmean,halt-0,0.0,5,val,50,1,5000,97.34,
softmean,halt-0,0.0,5,val,50,2,0,97.34,
softmean,halt-0,0.0,5,val,50,3,0,97.34,
softmean,halt-0,0.0,5,val,50,4,0,97.34,
softmean,halt-0,0.0,5,val,50,5,0,97.34,includes never-halted
softmean,halt-0,0.0,5,train,60,1,45000,99.66,
softmean,halt-0,0.0,5,train,60,2,0,99.66,
softmean,halt-0,0.0,5,train,60,3,0,99.66,
softmean,halt-0,0.0,5,train,60,4,0,99.66,
softmean,halt-0,0.0,5,train,60,5,0,99.66,includes never-halted
softmean,halt-0,0.0,5,val,60,1,5000,99.66,
softmean,halt-0,0.0,5,val,60,2,0,99.66,
softmean,halt-0,0.0,5,val,60,3,0,99.66,
softmean,halt-0,0.0,5,val,60,4,0,99.66,
softmean,halt-0,0.0,5,val,60,5,0,99.66,includes never-halted
softmean,halt-0,0.0,5,train,70,1,44998,99.68,
softmean,halt-0,0.0,5,train,70,2,1,99.68,
softmean,halt-0,0.0,5,train,70,3,1,99.68,
softmean,halt-0,0.0,5,train,70,4,0,99.68,
softmean,halt-0,0.0,5,train,70,5,0,99.68,includes never-halted
softmean,halt-0,0.0,5,val,70,1,5000,99.68,
softmean,halt-0,0.0,5,val,70,2,0,99.68,
softmean,halt-0,0.0,5,val,70,3,0,99.68,
softmean,halt-0,0.0,5,val,70,4,0,99.68,
softmean,halt-0,0.0,5,val,70,5,0,99.68,includes never-halted
softmean,halt-0,0.0,5,train,80,1,45000,96.86,
softmean,halt-0,0.0,5,train,80,2,0,96.86,
softmean,halt-0,0.0,5,train,80,3,0,96.86,
softmean,halt-0,0.0,5,train,80,4,0,96.86,
softmean,halt-0,0.0,5,train,80,5,0,96.86,includes never-halted
softmean,halt-0,0.0,5,val,80,1,5000,96.86,
softmean,halt-0,0.0,5,val,80,2,0,96.86,
softmean,halt-0,0.0,5,val,80,3,0,96.86,
softmean,halt-0,0.0,5,val,80,4,0,96.86,
softmean,halt-0,0.0,5,val,80,5,0,96.86,includes never-halted
softmean,halt-0,0.0,5,train,90,1,45000,97.26,
softmean,halt-0,0.0,5,train,90,2,0,97.26,
softmean,halt-0,0.0,5,train,90,3,0,97.26,
softmean,halt-0,0.0,5,train,90,4,0,97.26,
softmean,halt-0,0.0,5,train,90,5,0,97.26,includes never-halted
softmean,halt-0,0.0,5,val,90,1,5000,97.26,
softmean,halt-0,0.0,5,val,90,2,0,97.26,
softmean,halt-0,0.0,5,val,90,3,0,97.26,
softmean,halt-0,0.0,5,val,90,4,0,97.26,
softmean,halt-0,0.0,5,val,90,5,0,97.26,includes never-halted
softmean,halt-1.5,1.5,5,train,0,1,0,0.08,
softmean,halt-1.5,1.5,5,train,0,2,0,0.08,
softmean,halt-1.5,1.5,5,train,0,3,0,0.08,
softmean,halt-1.5,1.5,5,train,0,4,0,0.08,
softmean,halt-1.5,1.5,5,train,0,5,45000,0.08,includes never-halted
softmean,halt-1.5,1.5,5,val,0,1,0,0.08,
softmean,halt-1.5,1.5,5,val,0,2,0,0.08,
softmean,halt-1.5,1.5,5,val,0,3,0,0.08,
softmean,halt-1.5,1.5,5,val,0,4,0,0.08,
softmean,halt-1.5,1.5,5,val,0,5,5000,0.08,includes never-halted
softmean,halt-1.5,1.5,5,train,10,1,181,6.44,
softmean,halt-1.5,1.5,5,train,10,2,127,6.44,
softmean,halt-1.5,1.5,5,train,10,3,21,6.44,
softmean,halt-1.5,1.5,5,train,10,4,0,6.44,
softmean,halt-1.5,1.5,5,train,10,5,44671,6.44,includes never-halted
softmean,halt-1.5,1.5,5,val,10,1,24,6.44,
softmean,halt-1.5,1.5,5,val,10,2,14,6.44,
softmean,halt-1.5,1.5,5,val,10,3,5,6.44,
softmean,halt-1.5,1.5,5,val,10,4,0,6.44,
softmean,halt-1.5,1.5,5,val,10,5,4957,6.44,includes never-halted
softmean,halt-1.5,1.5,5,train,20,1,3284,8.32,
softmean,halt-1.5,1.5,5,train,20,2,1375,8.32,
softmean,halt-1.5,1.5,5,train,20,3,109,8.32,
softmean,halt-1.5,1.5,5,train,20,4,16,8.32,
softmean,halt-1.5,1.5,5,train,20,5,40216,8.32,includes never-halted
softmean,halt-1.5,1.5,5,val,20,1,358,8.32,
softmean,halt-1.5,1.5,5,val,20,2,253,8.32,
softmean,halt-1.5,1.5,5,val,20,3,20,8.32,
softmean,halt-1.5,1.5,5,val,20,4,1,8.32,
softmean,halt-1.5,1.5,5,val,20,5,4368,8.32,includes never-halted
softmean,halt-1.5,1.5,5,train,30,1,7590,12.44,
softmean,halt-1.5,1.5,5,train,30,2,2599,12.44,
softmean,halt-1.5,1.5,5,train,30,3,163,12.44,
softmean,halt-1.5,1.5,5,train,30,4,26,12.44,
softmean,halt-1.5,1.5,5,train,30,5,34622,12.44,includes never-halted
softmean,halt-1.5,1.5,5,val,30,1,1291,12.44,
softmean,halt-1.5,1.5,5,val,30,2,304,12.44,
softmean,halt-1.5,1.5,5,val,30,3,27,12.44,
softmean,halt-1.5,1.5,5,val,30,4,4,12.44,
softmean,halt-1.5,1.5,5,val,30,5,3374,12.44,includes never-halted
softmean,halt-1.5,1.5,5,train,40,1,42308,53.28,
softmean,halt-1.5,1.5,5,train,40,2,483,53.28,
softmean,halt-1.5,1.5,5,train,40,3,58,53.28,
softmean,halt-1.5,1.5,5,train,40,4,9,53.28,
softmean,halt-1.5,1.5,5,train,40,5,2142,53.28,includes never-halted
softmean,halt-1.5,1.5,5,val,40,1,4709,53.28,
softmean,halt-1.5,1.5,5,val,40,2,71,53.28,
softmean,halt-1.5,1.5,5,val,40,3,5,53.28,
softmean,halt-1.5,1.5,5,val,40,4,1,53.28,
softmean,halt-1.5,1.5,5,val,40,5,214,53.28,includes never-halted
softmean,halt-1.5,1.5,5,train,50,1,44951,98.14,
softmean,halt-1.5,1.5,5,train,50,2,13,98.14,
softmean,halt-1.5,1.5,5,train,50,3,0,98.14,
softmean,halt-1.5,1.5,5,train,50,4,1,98.14,
softmean,halt-1.5,1.5,5,train,50,5,35,98.14,includes never-halted
softmean,halt-1.5,1.5,5,val,50,1,5000,98.14,
softmean,halt-1.5,1.5,5,val,50,2,0,98.14,
softmean,halt-1.5,1.5,5,val,50,3,0,98.14,
softmean,halt-1.5,1.5,5,val,50,4,0,98.14,
softmean,halt-1.5,1.5,5,val,50,5,0,98.14,includes never-halted
softmean,halt-1.5,1.5,5,train,60,1,45000,98.72,
softmean,halt-1.5,1.5,5,train,60,2,0,98.72,
softmean,halt-1.5,1.5,5,train,60,3,0,98.72,
softmean,halt-1.5,1.5,5,train,60,4,0,98.72,
softmean,halt-1.5,1.5,5,train,60,5,0,98.72,includes never-halted
softmean,halt-1.5,1.5,5,val,60,1,5000,98.72,
softmean,halt-1.5,1.5,5,val,60,2,0,98.72,
softmean,halt-1.5,1.5,5,val,60,3,0,98.72,
softmean,halt-1.5,1.5,5,val,60,4,0,98.72,
softmean,halt-1.5,1.5,5,val,60,5,0,98.72,includes never-halted
softmean,halt-1.5,1.5,5,train,70,1,42851,96.82,
softmean,halt-1.5,1.5,5,train,70,2,245,96.82,
softmean,halt-1.5,1.5,5,train,70,3,25,96.82,
softmean,halt-1.5,1.5,5,train,70,4,2,96.82,
softmean,halt-1.5,1.5,5,train,70,5,1877,96.82,includes never-halted
softmean,halt-1.5,1.5,5,val,70,1,5000,96.82,
softmean,halt-1.5,1.5,5,val,70,2,0,96.82,
softmean,halt-1.5,1.5,5,val,70,3,0,96.82,
softmean,halt-1.5,1.5,5,val,70,4,0,96.82,
softmean,halt-1.5,1.5,5,val,70,5,0,96.82,includes never-halted
softmean,halt-1.5,1.5,5,train,80,1,44431,42.82,
softmean,halt-1.5,1.5,5,train,80,2,50,42.82,
softmean,halt-1.5,1.5,5,train,80,3,6,42.82,
softmean,halt-1.5,1.5,5,train,80,4,3,42.82,
softmean,halt-1.5,1.5,5,train,80,5,510,42.82,includes never-halted
softmean,halt-1.5,1.5,5,val,80,1,2193,42.82,
softmean,halt-1.5,1.5,5,val,80,2,134,42.82,
softmean,halt-1.5,1.5,5,val,80,3,10,42.82,
softmean,halt-1.5,1.5,5,val,80,4,1,42.82,
softmean,halt-1.5,1.5,5,val,80,5,2662,42.82,includes never-halted
softmean,halt-1.5,1.5,5,train,90,1,45000,98.12,
softmean,halt-1.5,1.5,5,train,90,2,0,98.12,
softmean,halt-1.5,1.5,5,train,90,3,0,98.12,
softmean,halt-1.5,1.5,5,train,90,4,0,98.12,
softmean,halt-1.5,1.5,5,train,90,5,0,98.12,includes never-halted
softmean,halt-1.5,1.5,5,val,90,1,5000,98.12,
softmean,halt-1.5,1.5,5,val,90,2,0,98.12,
softmean,halt-1.5,1.5,5,val,90,3,0,98.12,
softmean,halt-1.5,1.5,5,val,90,4,0,98.12,
softmean,halt-1.5,1.5,5,val,90,5,0,98.12,includes never-halted
softmean,nsup-1,0.0,1,train,0,1,45000,0.10,includes never-halted
softmean,nsup-1,0.0,1,val,0,1,5000,0.10,includes never-halted
softmean,nsup-1,0.0,1,train,10,1,45000,7.92,includes never-halted
softmean,nsup-1,0.0,1,val,10,1,5000,7.92,includes never-halted
softmean,nsup-1,0.0,1,train,20,1,45000,8.60,includes never-halted
softmean,nsup-1,0.0,1,val,20,1,5000,8.60,includes never-halted
softmean,nsup-1,0.0,1,train,30,1,45000,86.60,includes never-halted
softmean,nsup-1,0.0,1,val,30,1,5000,86.60,includes never-halted
softmean,nsup-1,0.0,1,train,40,1,45000,94.26,includes never-halted
softmean,nsup-1,0.0,1,val,40,1,5000,94.26,includes never-halted
softmean,nsup-1,0.0,1,train,50,1,45000,94.06,includes never-halted
softmean,nsup-1,0.0,1,val,50,1,5000,94.06,includes never-halted
softmean,nsup-1,0.0,1,train,60,1,45000,97.56,includes never-halted
softmean,nsup-1,0.0,1,val,60,1,5000,97.56,includes never-halted
softmean,nsup-1,0.0,1,train,70,1,45000,98.74,includes never-halted
softmean,nsup-1,0.0,1,val,70,1,5000,98.74,includes never-halted
softmean,nsup-1,0.0,1,train,80,1,45000,76.86,includes never-halted
softmean,nsup-1,0.0,1,val,80,1,5000,76.86,includes never-halted
softmean,nsup-1,0.0,1,train,90,1,45000,98.90,includes never-halted
softmean,nsup-1,0.0,1,val,90,1,5000,98.90,includes never-halted
softmean,halt-3.0,3.0,5,train,0,1,0,0.08,
softmean,halt-3.0,3.0,5,train,0,2,0,0.08,
softmean,halt-3.0,3.0,5,train,0,3,0,0.08,
softmean,halt-3.0,3.0,5,train,0,4,0,0.08,
softmean,halt-3.0,3.0,5,train,0,5,45000,0.08,includes never-halted
softmean,halt-3.0,3.0,5,val,0,1,0,0.08,
softmean,halt-3.0,3.0,5,val,0,2,0,0.08,
softmean,halt-3.0,3.0,5,val,0,3,0,0.08,
softmean,halt-3.0,3.0,5,val,0,4,0,0.08,
softmean,halt-3.0,3.0,5,val,0,5,5000,0.08,includes never-halted
softmean,halt-3.0,3.0,5,train,10,1,0,6.62,
softmean,halt-3.0,3.0,5,train,10,2,0,6.62,
softmean,halt-3.0,3.0,5,train,10,3,0,6.62,
softmean,halt-3.0,3.0,5,train,10,4,0,6.62,
softmean,halt-3.0,3.0,5,train,10,5,45000,6.62,includes never-halted
softmean,halt-3.0,3.0,5,val,10,1,0,6.62,
softmean,halt-3.0,3.0,5,val,10,2,0,6.62,
softmean,halt-3.0,3.0,5,val,10,3,0,6.62,
softmean,halt-3.0,3.0,5,val,10,4,0,6.62,
softmean,halt-3.0,3.0,5,val,10,5,5000,6.62,includes never-halted
softmean,halt-3.0,3.0,5,train,20,1,0,9.00,
softmean,halt-3.0,3.0,5,train,20,2,0,9.00,
softmean,halt-3.0,3.0,5,train,20,3,0,9.00,
softmean,halt-3.0,3.0,5,train,20,4,0,9.00,
softmean,halt-3.0,3.0,5,train,20,5,45000,9.00,includes never-halted
softmean,halt-3.0,3.0,5,val,20,1,0,9.00,
softmean,halt-3.0,3.0,5,val,20,2,0,9.00,
softmean,halt-3.0,3.0,5,val,20,3,0,9.00,
softmean,halt-3.0,3.0,5,val,20,4,0,9.00,
softmean,halt-3.0,3.0,5,val,20,5,5000,9.00,includes never-halted
softmean,halt-3.0,3.0,5,train,30,1,0,13.52,
softmean,halt-3.0,3.0,5,train,30,2,0,13.52,
softmean,halt-3.0,3.0,5,train,30,3,0,13.52,
softmean,halt-3.0,3.0,5,train,30,4,0,13.52,
softmean,halt-3.0,3.0,5,train,30,5,45000,13.52,includes never-halted
softmean,halt-3.0,3.0,5,val,30,1,0,13.52,
softmean,halt-3.0,3.0,5,val,30,2,0,13.52,
softmean,halt-3.0,3.0,5,val,30,3,0,13.52,
softmean,halt-3.0,3.0,5,val,30,4,0,13.52,
softmean,halt-3.0,3.0,5,val,30,5,5000,13.52,includes never-halted
softmean,halt-3.0,3.0,5,train,40,1,23686,75.54,
softmean,halt-3.0,3.0,5,train,40,2,5147,75.54,
softmean,halt-3.0,3.0,5,train,40,3,755,75.54,
softmean,halt-3.0,3.0,5,train,40,4,202,75.54,
softmean,halt-3.0,3.0,5,train,40,5,15210,75.54,includes never-halted
softmean,halt-3.0,3.0,5,val,40,1,3259,75.54,
softmean,halt-3.0,3.0,5,val,40,2,540,75.54,
softmean,halt-3.0,3.0,5,val,40,3,71,75.54,
softmean,halt-3.0,3.0,5,val,40,4,18,75.54,
softmean,halt-3.0,3.0,5,val,40,5,1112,75.54,includes never-halted
softmean,halt-3.0,3.0,5,train,50,1,33484,77.50,
softmean,halt-3.0,3.0,5,train,50,2,3850,77.50,
softmean,halt-3.0,3.0,5,train,50,3,307,77.50,
softmean,halt-3.0,3.0,5,train,50,4,64,77.50,
softmean,halt-3.0,3.0,5,train,50,5,7295,77.50,includes never-halted
softmean,halt-3.0,3.0,5,val,50,1,2572,77.50,
softmean,halt-3.0,3.0,5,val,50,2,553,77.50,
softmean,halt-3.0,3.0,5,val,50,3,39,77.50,
softmean,halt-3.0,3.0,5,val,50,4,10,77.50,
softmean,halt-3.0,3.0,5,val,50,5,1826,77.50,includes never-halted
softmean,halt-3.0,3.0,5,train,60,1,32878,85.78,
softmean,halt-3.0,3.0,5,train,60,2,4064,85.78,
softmean,halt-3.0,3.0,5,train,60,3,332,85.78,
softmean,halt-3.0,3.0,5,train,60,4,63,85.78,
softmean,halt-3.0,3.0,5,train,60,5,7663,85.78,includes never-halted
softmean,halt-3.0,3.0,5,val,60,1,2668,85.78,
softmean,halt-3.0,3.0,5,val,60,2,394,85.78,
softmean,halt-3.0,3.0,5,val,60,3,43,85.78,
softmean,halt-3.0,3.0,5,val,60,4,9,85.78,
softmean,halt-3.0,3.0,5,val,60,5,1886,85.78,includes never-halted
softmean,halt-3.0,3.0,5,train,70,1,38647,90.04,
softmean,halt-3.0,3.0,5,train,70,2,2004,90.04,
softmean,halt-3.0,3.0,5,train,70,3,188,90.04,
softmean,halt-3.0,3.0,5,train,70,4,34,90.04,
softmean,halt-3.0,3.0,5,train,70,5,4127,90.04,includes never-halted
softmean,halt-3.0,3.0,5,val,70,1,4514,90.04,
softmean,halt-3.0,3.0,5,val,70,2,225,90.04,
softmean,halt-3.0,3.0,5,val,70,3,19,90.04,
softmean,halt-3.0,3.0,5,val,70,4,1,90.04,
softmean,halt-3.0,3.0,5,val,70,5,241,90.04,includes never-halted
softmean,halt-3.0,3.0,5,train,80,1,40885,87.28,
softmean,halt-3.0,3.0,5,train,80,2,1279,87.28,
softmean,halt-3.0,3.0,5,train,80,3,116,87.28,
softmean,halt-3.0,3.0,5,train,80,4,16,87.28,
softmean,halt-3.0,3.0,5,train,80,5,2704,87.28,includes never-halted
softmean,halt-3.0,3.0,5,val,80,1,3878,87.28,
softmean,halt-3.0,3.0,5,val,80,2,290,87.28,
softmean,halt-3.0,3.0,5,val,80,3,14,87.28,
softmean,halt-3.0,3.0,5,val,80,4,2,87.28,
softmean,halt-3.0,3.0,5,val,80,5,816,87.28,includes never-halted
softmean,halt-3.0,3.0,5,train,90,1,41291,86.60,
softmean,halt-3.0,3.0,5,train,90,2,1281,86.60,
softmean,halt-3.0,3.0,5,train,90,3,112,86.60,
softmean,halt-3.0,3.0,5,train,90,4,26,86.60,
softmean,halt-3.0,3.0,5,train,90,5,2290,86.60,includes never-halted
softmean,halt-3.0,3.0,5,val,90,1,4413,86.60,
softmean,halt-3.0,3.0,5,val,90,2,190,86.60,
softmean,halt-3.0,3.0,5,val,90,3,14,86.60,
softmean,halt-3.0,3.0,5,val,90,4,2,86.60,
softmean,halt-3.0,3.0,5,val,90,5,381,86.60,includes never-halted
softmean,nsup-16,0.0,16,train,0,1,597,0.06,
softmean,nsup-16,0.0,16,train,0,2,22,0.06,
softmean,nsup-16,0.0,16,train,0,3,6,0.06,
softmean,nsup-16,0.0,16,train,0,4,1,0.06,
softmean,nsup-16,0.0,16,train,0,5,0,0.06,
softmean,nsup-16,0.0,16,train,0,6,0,0.06,
softmean,nsup-16,0.0,16,train,0,7,0,0.06,
softmean,nsup-16,0.0,16,train,0,8,0,0.06,
softmean,nsup-16,0.0,16,train,0,9,0,0.06,
softmean,nsup-16,0.0,16,train,0,10,0,0.06,
softmean,nsup-16,0.0,16,train,0,11,0,0.06,
softmean,nsup-16,0.0,16,train,0,12,0,0.06,
softmean,nsup-16,0.0,16,train,0,13,0,0.06,
softmean,nsup-16,0.0,16,train,0,14,0,0.06,
softmean,nsup-16,0.0,16,train,0,15,0,0.06,
softmean,nsup-16,0.0,16,train,0,16,44374,0.06,includes never-halted
softmean,nsup-16,0.0,16,val,0,1,0,0.06,
softmean,nsup-16,0.0,16,val,0,2,0,0.06,
softmean,nsup-16,0.0,16,val,0,3,0,0.06,
softmean,nsup-16,0.0,16,val,0,4,0,0.06,
softmean,nsup-16,0.0,16,val,0,5,0,0.06,
softmean,nsup-16,0.0,16,val,0,6,0,0.06,
softmean,nsup-16,0.0,16,val,0,7,0,0.06,
softmean,nsup-16,0.0,16,val,0,8,0,0.06,
softmean,nsup-16,0.0,16,val,0,9,0,0.06,
softmean,nsup-16,0.0,16,val,0,10,0,0.06,
softmean,nsup-16,0.0,16,val,0,11,0,0.06,
softmean,nsup-16,0.0,16,val,0,12,0,0.06,
softmean,nsup-16,0.0,16,val,0,13,0,0.06,
softmean,nsup-16,0.0,16,val,0,14,0,0.06,
softmean,nsup-16,0.0,16,val,0,15,0,0.06,
softmean,nsup-16,0.0,16,val,0,16,5000,0.06,includes never-halted
softmean,nsup-16,0.0,16,train,10,1,39277,2.00,
softmean,nsup-16,0.0,16,train,10,2,956,2.00,
softmean,nsup-16,0.0,16,train,10,3,114,2.00,
softmean,nsup-16,0.0,16,train,10,4,10,2.00,
softmean,nsup-16,0.0,16,train,10,5,1,2.00,
softmean,nsup-16,0.0,16,train,10,6,2,2.00,
softmean,nsup-16,0.0,16,train,10,7,1,2.00,
softmean,nsup-16,0.0,16,train,10,8,0,2.00,
softmean,nsup-16,0.0,16,train,10,9,0,2.00,
softmean,nsup-16,0.0,16,train,10,10,0,2.00,
softmean,nsup-16,0.0,16,train,10,11,0,2.00,
softmean,nsup-16,0.0,16,train,10,12,0,2.00,
softmean,nsup-16,0.0,16,train,10,13,0,2.00,
softmean,nsup-16,0.0,16,train,10,14,0,2.00,
softmean,nsup-16,0.0,16,train,10,15,0,2.00,
softmean,nsup-16,0.0,16,train,10,16,4639,2.00,includes never-halted
softmean,nsup-16,0.0,16,val,10,1,4773,2.00,
softmean,nsup-16,0.0,16,val,10,2,50,2.00,
softmean,nsup-16,0.0,16,val,10,3,11,2.00,
softmean,nsup-16,0.0,16,val,10,4,2,2.00,
softmean,nsup-16,0.0,16,val,10,5,1,2.00,
softmean,nsup-16,0.0,16,val,10,6,3,2.00,
softmean,nsup-16,0.0,16,val,10,7,0,2.00,
softmean,nsup-16,0.0,16,val,10,8,0,2.00,
softmean,nsup-16,0.0,16,val,10,9,0,2.00,
softmean,nsup-16,0.0,16,val,10,10,0,2.00,
softmean,nsup-16,0.0,16,val,10,11,0,2.00,
softmean,nsup-16,0.0,16,val,10,12,0,2.00,
softmean,nsup-16,0.0,16,val,10,13,1,2.00,
softmean,nsup-16,0.0,16,val,10,14,0,2.00,
softmean,nsup-16,0.0,16,val,10,15,0,2.00,
softmean,nsup-16,0.0,16,val,10,16,159,2.00,includes never-halted
softmean,nsup-16,0.0,16,train,20,1,45000,8.46,
softmean,nsup-16,0.0,16,train,20,2,0,8.46,
softmean,nsup-16,0.0,16,train,20,3,0,8.46,
softmean,nsup-16,0.0,16,train,20,4,0,8.46,
softmean,nsup-16,0.0,16,train,20,5,0,8.46,
softmean,nsup-16,0.0,16,train,20,6,0,8.46,
softmean,nsup-16,0.0,16,train,20,7,0,8.46,
softmean,nsup-16,0.0,16,train,20,8,0,8.46,
softmean,nsup-16,0.0,16,train,20,9,0,8.46,
softmean,nsup-16,0.0,16,train,20,10,0,8.46,
softmean,nsup-16,0.0,16,train,20,11,0,8.46,
softmean,nsup-16,0.0,16,train,20,12,0,8.46,
softmean,nsup-16,0.0,16,train,20,13,0,8.46,
softmean,nsup-16,0.0,16,train,20,14,0,8.46,
softmean,nsup-16,0.0,16,train,20,15,0,8.46,
softmean,nsup-16,0.0,16,train,20,16,0,8.46,includes never-halted
softmean,nsup-16,0.0,16,val,20,1,5000,8.46,
softmean,nsup-16,0.0,16,val,20,2,0,8.46,
softmean,nsup-16,0.0,16,val,20,3,0,8.46,
softmean,nsup-16,0.0,16,val,20,4,0,8.46,
softmean,nsup-16,0.0,16,val,20,5,0,8.46,
softmean,nsup-16,0.0,16,val,20,6,0,8.46,
softmean,nsup-16,0.0,16,val,20,7,0,8.46,
softmean,nsup-16,0.0,16,val,20,8,0,8.46,
softmean,nsup-16,0.0,16,val,20,9,0,8.46,
softmean,nsup-16,0.0,16,val,20,10,0,8.46,
softmean,nsup-16,0.0,16,val,20,11,0,8.46,
softmean,nsup-16,0.0,16,val,20,12,0,8.46,
softmean,nsup-16,0.0,16,val,20,13,0,8.46,
softmean,nsup-16,0.0,16,val,20,14,0,8.46,
softmean,nsup-16,0.0,16,val,20,15,0,8.46,
softmean,nsup-16,0.0,16,val,20,16,0,8.46,includes never-halted
softmean,nsup-16,0.0,16,train,30,1,45000,9.72,
softmean,nsup-16,0.0,16,train,30,2,0,9.72,
softmean,nsup-16,0.0,16,train,30,3,0,9.72,
softmean,nsup-16,0.0,16,train,30,4,0,9.72,
softmean,nsup-16,0.0,16,train,30,5,0,9.72,
softmean,nsup-16,0.0,16,train,30,6,0,9.72,
softmean,nsup-16,0.0,16,train,30,7,0,9.72,
softmean,nsup-16,0.0,16,train,30,8,0,9.72,
softmean,nsup-16,0.0,16,train,30,9,0,9.72,
softmean,nsup-16,0.0,16,train,30,10,0,9.72,
softmean,nsup-16,0.0,16,train,30,11,0,9.72,
softmean,nsup-16,0.0,16,train,30,12,0,9.72,
softmean,nsup-16,0.0,16,train,30,13,0,9.72,
softmean,nsup-16,0.0,16,train,30,14,0,9.72,
softmean,nsup-16,0.0,16,train,30,15,0,9.72,
softmean,nsup-16,0.0,16,train,30,16,0,9.72,includes never-halted
softmean,nsup-16,0.0,16,val,30,1,5000,9.72,
softmean,nsup-16,0.0,16,val,30,2,0,9.72,
softmean,nsup-16,0.0,16,val,30,3,0,9.72,
softmean,nsup-16,0.0,16,val,30,4,0,9.72,
softmean,nsup-16,0.0,16,val,30,5,0,9.72,
softmean,nsup-16,0.0,16,val,30,6,0,9.72,
softmean,nsup-16,0.0,16,val,30,7,0,9.72,
softmean,nsup-16,0.0,16,val,30,8,0,9.72,
softmean,nsup-16,0.0,16,val,30,9,0,9.72,
softmean,nsup-16,0.0,16,val,30,10,0,9.72,
softmean,nsup-16,0.0,16,val,30,11,0,9.72,
softmean,nsup-16,0.0,16,val,30,12,0,9.72,
softmean,nsup-16,0.0,16,val,30,13,0,9.72,
softmean,nsup-16,0.0,16,val,30,14,0,9.72,
softmean,nsup-16,0.0,16,val,30,15,0,9.72,
softmean,nsup-16,0.0,16,val,30,16,0,9.72,includes never-halted
softmean,nsup-16,0.0,16,train,40,1,45000,89.48,
softmean,nsup-16,0.0,16,train,40,2,0,89.48,
softmean,nsup-16,0.0,16,train,40,3,0,89.48,
softmean,nsup-16,0.0,16,train,40,4,0,89.48,
softmean,nsup-16,0.0,16,train,40,5,0,89.48,
softmean,nsup-16,0.0,16,train,40,6,0,89.48,
softmean,nsup-16,0.0,16,train,40,7,0,89.48,
softmean,nsup-16,0.0,16,train,40,8,0,89.48,
softmean,nsup-16,0.0,16,train,40,9,0,89.48,
softmean,nsup-16,0.0,16,train,40,10,0,89.48,
softmean,nsup-16,0.0,16,train,40,11,0,89.48,
softmean,nsup-16,0.0,16,train,40,12,0,89.48,
softmean,nsup-16,0.0,16,train,40,13,0,89.48,
softmean,nsup-16,0.0,16,train,40,14,0,89.48,
softmean,nsup-16,0.0,16,train,40,15,0,89.48,
softmean,nsup-16,0.0,16,train,40,16,0,89.48,includes never-halted
softmean,nsup-16,0.0,16,val,40,1,5000,89.48,
softmean,nsup-16,0.0,16,val,40,2,0,89.48,
softmean,nsup-16,0.0,16,val,40,3,0,89.48,
softmean,nsup-16,0.0,16,val,40,4,0,89.48,
softmean,nsup-16,0.0,16,val,40,5,0,89.48,
softmean,nsup-16,0.0,16,val,40,6,0,89.48,
softmean,nsup-16,0.0,16,val,40,7,0,89.48,
softmean,nsup-16,0.0,16,val,40,8,0,89.48,
softmean,nsup-16,0.0,16,val,40,9,0,89.48,
softmean,nsup-16,0.0,16,val,40,10,0,89.48,
softmean,nsup-16,0.0,16,val,40,11,0,89.48,
softmean,nsup-16,0.0,16,val,40,12,0,89.48,
softmean,nsup-16,0.0,16,val,40,13,0,89.48,
softmean,nsup-16,0.0,16,val,40,14,0,89.48,
softmean,nsup-16,0.0,16,val,40,15,0,89.48,
softmean,nsup-16,0.0,16,val,40,16,0,89.48,includes never-halted
softmean,nsup-16,0.0,16,train,50,1,45000,96.94,
softmean,nsup-16,0.0,16,train,50,2,0,96.94,
softmean,nsup-16,0.0,16,train,50,3,0,96.94,
softmean,nsup-16,0.0,16,train,50,4,0,96.94,
softmean,nsup-16,0.0,16,train,50,5,0,96.94,
softmean,nsup-16,0.0,16,train,50,6,0,96.94,
softmean,nsup-16,0.0,16,train,50,7,0,96.94,
softmean,nsup-16,0.0,16,train,50,8,0,96.94,
softmean,nsup-16,0.0,16,train,50,9,0,96.94,
softmean,nsup-16,0.0,16,train,50,10,0,96.94,
softmean,nsup-16,0.0,16,train,50,11,0,96.94,
softmean,nsup-16,0.0,16,train,50,12,0,96.94,
softmean,nsup-16,0.0,16,train,50,13,0,96.94,
softmean,nsup-16,0.0,16,train,50,14,0,96.94,
softmean,nsup-16,0.0,16,train,50,15,0,96.94,
softmean,nsup-16,0.0,16,train,50,16,0,96.94,includes never-halted
softmean,nsup-16,0.0,16,val,50,1,5000,96.94,
softmean,nsup-16,0.0,16,val,50,2,0,96.94,
softmean,nsup-16,0.0,16,val,50,3,0,96.94,
softmean,nsup-16,0.0,16,val,50,4,0,96.94,
softmean,nsup-16,0.0,16,val,50,5,0,96.94,
softmean,nsup-16,0.0,16,val,50,6,0,96.94,
softmean,nsup-16,0.0,16,val,50,7,0,96.94,
softmean,nsup-16,0.0,16,val,50,8,0,96.94,
softmean,nsup-16,0.0,16,val,50,9,0,96.94,
softmean,nsup-16,0.0,16,val,50,10,0,96.94,
softmean,nsup-16,0.0,16,val,50,11,0,96.94,
softmean,nsup-16,0.0,16,val,50,12,0,96.94,
softmean,nsup-16,0.0,16,val,50,13,0,96.94,
softmean,nsup-16,0.0,16,val,50,14,0,96.94,
softmean,nsup-16,0.0,16,val,50,15,0,96.94,
softmean,nsup-16,0.0,16,val,50,16,0,96.94,includes never-halted
softmean,nsup-16,0.0,16,train,60,1,45000,98.66,
softmean,nsup-16,0.0,16,train,60,2,0,98.66,
softmean,nsup-16,0.0,16,train,60,3,0,98.66,
softmean,nsup-16,0.0,16,train,60,4,0,98.66,
softmean,nsup-16,0.0,16,train,60,5,0,98.66,
softmean,nsup-16,0.0,16,train,60,6,0,98.66,
softmean,nsup-16,0.0,16,train,60,7,0,98.66,
softmean,nsup-16,0.0,16,train,60,8,0,98.66,
softmean,nsup-16,0.0,16,train,60,9,0,98.66,
softmean,nsup-16,0.0,16,train,60,10,0,98.66,
softmean,nsup-16,0.0,16,train,60,11,0,98.66,
softmean,nsup-16,0.0,16,train,60,12,0,98.66,
softmean,nsup-16,0.0,16,train,60,13,0,98.66,
softmean,nsup-16,0.0,16,train,60,14,0,98.66,
softmean,nsup-16,0.0,16,train,60,15,0,98.66,
softmean,nsup-16,0.0,16,train,60,16,0,98.66,includes never-halted
softmean,nsup-16,0.0,16,val,60,1,5000,98.66,
softmean,nsup-16,0.0,16,val,60,2,0,98.66,
softmean,nsup-16,0.0,16,val,60,3,0,98.66,
softmean,nsup-16,0.0,16,val,60,4,0,98.66,
softmean,nsup-16,0.0,16,val,60,5,0,98.66,
softmean,nsup-16,0.0,16,val,60,6,0,98.66,
softmean,nsup-16,0.0,16,val,60,7,0,98.66,
softmean,nsup-16,0.0,16,val,60,8,0,98.66,
softmean,nsup-16,0.0,16,val,60,9,0,98.66,
softmean,nsup-16,0.0,16,val,60,10,0,98.66,
softmean,nsup-16,0.0,16,val,60,11,0,98.66,
softmean,nsup-16,0.0,16,val,60,12,0,98.66,
softmean,nsup-16,0.0,16,val,60,13,0,98.66,
softmean,nsup-16,0.0,16,val,60,14,0,98.66,
softmean,nsup-16,0.0,16,val,60,15,0,98.66,
softmean,nsup-16,0.0,16,val,60,16,0,98.66,includes never-halted
softmean,nsup-16,0.0,16,train,70,1,45000,98.58,
softmean,nsup-16,0.0,16,train,70,2,0,98.58,
softmean,nsup-16,0.0,16,train,70,3,0,98.58,
softmean,nsup-16,0.0,16,train,70,4,0,98.58,
softmean,nsup-16,0.0,16,train,70,5,0,98.58,
softmean,nsup-16,0.0,16,train,70,6,0,98.58,
softmean,nsup-16,0.0,16,train,70,7,0,98.58,
softmean,nsup-16,0.0,16,train,70,8,0,98.58,
softmean,nsup-16,0.0,16,train,70,9,0,98.58,
softmean,nsup-16,0.0,16,train,70,10,0,98.58,
softmean,nsup-16,0.0,16,train,70,11,0,98.58,
softmean,nsup-16,0.0,16,train,70,12,0,98.58,
softmean,nsup-16,0.0,16,train,70,13,0,98.58,
softmean,nsup-16,0.0,16,train,70,14,0,98.58,
softmean,nsup-16,0.0,16,train,70,15,0,98.58,
softmean,nsup-16,0.0,16,train,70,16,0,98.58,includes never-halted
softmean,nsup-16,0.0,16,val,70,1,5000,98.58,
softmean,nsup-16,0.0,16,val,70,2,0,98.58,
softmean,nsup-16,0.0,16,val,70,3,0,98.58,
softmean,nsup-16,0.0,16,val,70,4,0,98.58,
softmean,nsup-16,0.0,16,val,70,5,0,98.58,
softmean,nsup-16,0.0,16,val,70,6,0,98.58,
softmean,nsup-16,0.0,16,val,70,7,0,98.58,
softmean,nsup-16,0.0,16,val,70,8,0,98.58,
softmean,nsup-16,0.0,16,val,70,9,0,98.58,
softmean,nsup-16,0.0,16,val,70,10,0,98.58,
softmean,nsup-16,0.0,16,val,70,11,0,98.58,
softmean,nsup-16,0.0,16,val,70,12,0,98.58,
softmean,nsup-16,0.0,16,val,70,13,0,98.58,
softmean,nsup-16,0.0,16,val,70,14,0,98.58,
softmean,nsup-16,0.0,16,val,70,15,0,98.58,
softmean,nsup-16,0.0,16,val,70,16,0,98.58,includes never-halted
softmean,nsup-16,0.0,16,train,80,1,45000,94.26,
softmean,nsup-16,0.0,16,train,80,2,0,94.26,
softmean,nsup-16,0.0,16,train,80,3,0,94.26,
softmean,nsup-16,0.0,16,train,80,4,0,94.26,
softmean,nsup-16,0.0,16,train,80,5,0,94.26,
softmean,nsup-16,0.0,16,train,80,6,0,94.26,
softmean,nsup-16,0.0,16,train,80,7,0,94.26,
softmean,nsup-16,0.0,16,train,80,8,0,94.26,
softmean,nsup-16,0.0,16,train,80,9,0,94.26,
softmean,nsup-16,0.0,16,train,80,10,0,94.26,
softmean,nsup-16,0.0,16,train,80,11,0,94.26,
softmean,nsup-16,0.0,16,train,80,12,0,94.26,
softmean,nsup-16,0.0,16,train,80,13,0,94.26,
softmean,nsup-16,0.0,16,train,80,14,0,94.26,
softmean,nsup-16,0.0,16,train,80,15,0,94.26,
softmean,nsup-16,0.0,16,train,80,16,0,94.26,includes never-halted
softmean,nsup-16,0.0,16,val,80,1,5000,94.26,
softmean,nsup-16,0.0,16,val,80,2,0,94.26,
softmean,nsup-16,0.0,16,val,80,3,0,94.26,
softmean,nsup-16,0.0,16,val,80,4,0,94.26,
softmean,nsup-16,0.0,16,val,80,5,0,94.26,
softmean,nsup-16,0.0,16,val,80,6,0,94.26,
softmean,nsup-16,0.0,16,val,80,7,0,94.26,
softmean,nsup-16,0.0,16,val,80,8,0,94.26,
softmean,nsup-16,0.0,16,val,80,9,0,94.26,
softmean,nsup-16,0.0,16,val,80,10,0,94.26,
softmean,nsup-16,0.0,16,val,80,11,0,94.26,
softmean,nsup-16,0.0,16,val,80,12,0,94.26,
softmean,nsup-16,0.0,16,val,80,13,0,94.26,
softmean,nsup-16,0.0,16,val,80,14,0,94.26,
softmean,nsup-16,0.0,16,val,80,15,0,94.26,
softmean,nsup-16,0.0,16,val,80,16,0,94.26,includes never-halted
softmean,nsup-16,0.0,16,train,90,1,45000,94.72,
softmean,nsup-16,0.0,16,train,90,2,0,94.72,
softmean,nsup-16,0.0,16,train,90,3,0,94.72,
softmean,nsup-16,0.0,16,train,90,4,0,94.72,
softmean,nsup-16,0.0,16,train,90,5,0,94.72,
softmean,nsup-16,0.0,16,train,90,6,0,94.72,
softmean,nsup-16,0.0,16,train,90,7,0,94.72,
softmean,nsup-16,0.0,16,train,90,8,0,94.72,
softmean,nsup-16,0.0,16,train,90,9,0,94.72,
softmean,nsup-16,0.0,16,train,90,10,0,94.72,
softmean,nsup-16,0.0,16,train,90,11,0,94.72,
softmean,nsup-16,0.0,16,train,90,12,0,94.72,
softmean,nsup-16,0.0,16,train,90,13,0,94.72,
softmean,nsup-16,0.0,16,train,90,14,0,94.72,
softmean,nsup-16,0.0,16,train,90,15,0,94.72,
softmean,nsup-16,0.0,16,train,90,16,0,94.72,includes never-halted
softmean,nsup-16,0.0,16,val,90,1,5000,94.72,
softmean,nsup-16,0.0,16,val,90,2,0,94.72,
softmean,nsup-16,0.0,16,val,90,3,0,94.72,
softmean,nsup-16,0.0,16,val,90,4,0,94.72,
softmean,nsup-16,0.0,16,val,90,5,0,94.72,
softmean,nsup-16,0.0,16,val,90,6,0,94.72,
softmean,nsup-16,0.0,16,val,90,7,0,94.72,
softmean,nsup-16,0.0,16,val,90,8,0,94.72,
softmean,nsup-16,0.0,16,val,90,9,0,94.72,
softmean,nsup-16,0.0,16,val,90,10,0,94.72,
softmean,nsup-16,0.0,16,val,90,11,0,94.72,
softmean,nsup-16,0.0,16,val,90,12,0,94.72,
softmean,nsup-16,0.0,16,val,90,13,0,94.72,
softmean,nsup-16,0.0,16,val,90,14,0,94.72,
softmean,nsup-16,0.0,16,val,90,15,0,94.72,
softmean,nsup-16,0.0,16,val,90,16,0,94.72,includes never-halted
binary-em,halt-0,0.0,5,train,0,1,0,0.08,
binary-em,halt-0,0.0,5,train,0,2,0,0.08,
binary-em,halt-0,0.0,5,train,0,3,0,0.08,
binary-em,halt-0,0.0,5,train,0,4,0,0.08,
binary-em,halt-0,0.0,5,train,0,5,45000,0.08,includes never-halted
binary-em,halt-0,0.0,5,val,0,1,0,0.08,
binary-em,halt-0,0.0,5,val,0,2,0,0.08,
binary-em,halt-0,0.0,5,val,0,3,0,0.08,
binary-em,halt-0,0.0,5,val,0,4,0,0.08,
binary-em,halt-0,0.0,5,val,0,5,5000,0.08,includes never-halted
binary-em,halt-0,0.0,5,train,10,1,0,6.82,
binary-em,halt-0,0.0,5,train,10,2,0,6.82,
binary-em,halt-0,0.0,5,train,10,3,0,6.82,
binary-em,halt-0,0.0,5,train,10,4,0,6.82,
binary-em,halt-0,0.0,5,train,10,5,45000,6.82,includes never-halted
binary-em,halt-0,0.0,5,val,10,1,0,6.82,
binary-em,halt-0,0.0,5,val,10,2,0,6.82,
binary-em,halt-0,0.0,5,val,10,3,0,6.82,
binary-em,halt-0,0.0,5,val,10,4,0,6.82,
binary-em,halt-0,0.0,5,val,10,5,5000,6.82,includes never-halted
binary-em,halt-0,0.0,5,train,20,1,0,8.22,
binary-em,halt-0,0.0,5,train,20,2,0,8.22,
binary-em,halt-0,0.0,5,train,20,3,0,8.22,
binary-em,halt-0,0.0,5,train,20,4,0,8.22,
binary-em,halt-0,0.0,5,train,20,5,45000,8.22,includes never-halted
binary-em,halt-0,0.0,5,val,20,1,0,8.22,
binary-em,halt-0,0.0,5,val,20,2,0,8.22,
binary-em,halt-0,0.0,5,val,20,3,0,8.22,
binary-em,halt-0,0.0,5,val,20,4,0,8.22,
binary-em,halt-0,0.0,5,val,20,5,5000,8.22,includes never-halted
binary-em,halt-0,0.0,5,train,30,1,45,23.06,
binary-em,halt-0,0.0,5,train,30,2,24,23.06,
binary-em,halt-0,0.0,5,train,30,3,2,23.06,
binary-em,halt-0,0.0,5,train,30,4,0,23.06,
binary-em,halt-0,0.0,5,train,30,5,44929,23.06,includes never-halted
binary-em,halt-0,0.0,5,val,30,1,3,23.06,
binary-em,halt-0,0.0,5,val,30,2,3,23.06,
binary-em,halt-0,0.0,5,val,30,3,0,23.06,
binary-em,halt-0,0.0,5,val,30,4,0,23.06,
binary-em,halt-0,0.0,5,val,30,5,4994,23.06,includes never-halted
binary-em,halt-0,0.0,5,train,40,1,42177,66.80,
binary-em,halt-0,0.0,5,train,40,2,407,66.80,
binary-em,halt-0,0.0,5,train,40,3,56,66.80,
binary-em,halt-0,0.0,5,train,40,4,8,66.80,
binary-em,halt-0,0.0,5,train,40,5,2352,66.80,includes never-halted
binary-em,halt-0,0.0,5,val,40,1,4048,66.80,
binary-em,halt-0,0.0,5,val,40,2,209,66.80,
binary-em,halt-0,0.0,5,val,40,3,24,66.80,
binary-em,halt-0,0.0,5,val,40,4,6,66.80,
binary-em,halt-0,0.0,5,val,40,5,713,66.80,includes never-halted
binary-em,halt-0,0.0,5,train,50,1,44999,96.86,
binary-em,halt-0,0.0,5,train,50,2,1,96.86,
binary-em,halt-0,0.0,5,train,50,3,0,96.86,
binary-em,halt-0,0.0,5,train,50,4,0,96.86,
binary-em,halt-0,0.0,5,train,50,5,0,96.86,includes never-halted
binary-em,halt-0,0.0,5,val,50,1,5000,96.86,
binary-em,halt-0,0.0,5,val,50,2,0,96.86,
binary-em,halt-0,0.0,5,val,50,3,0,96.86,
binary-em,halt-0,0.0,5,val,50,4,0,96.86,
binary-em,halt-0,0.0,5,val,50,5,0,96.86,includes never-halted
binary-em,halt-0,0.0,5,train,60,1,45000,99.12,
binary-em,halt-0,0.0,5,train,60,2,0,99.12,
binary-em,halt-0,0.0,5,train,60,3,0,99.12,
binary-em,halt-0,0.0,5,train,60,4,0,99.12,
binary-em,halt-0,0.0,5,train,60,5,0,99.12,includes never-halted
binary-em,halt-0,0.0,5,val,60,1,5000,99.12,
binary-em,halt-0,0.0,5,val,60,2,0,99.12,
binary-em,halt-0,0.0,5,val,60,3,0,99.12,
binary-em,halt-0,0.0,5,val,60,4,0,99.12,
binary-em,halt-0,0.0,5,val,60,5,0,99.12,includes never-halted
binary-em,halt-0,0.0,5,train,70,1,44999,98.88,
binary-em,halt-0,0.0,5,train,70,2,1,98.88,
binary-em,halt-0,0.0,5,train,70,3,0,98.88,
binary-em,halt-0,0.0,5,train,70,4,0,98.88,
binary-em,halt-0,0.0,5,train,70,5,0,98.88,includes never-halted
binary-em,halt-0,0.0,5,val,70,1,5000,98.88,
binary-em,halt-0,0.0,5,val,70,2,0,98.88,
binary-em,halt-0,0.0,5,val,70,3,0,98.88,
binary-em,halt-0,0.0,5,val,70,4,0,98.88,
binary-em,halt-0,0.0,5,val,70,5,0,98.88,includes never-halted
binary-em,halt-0,0.0,5,train,80,1,45000,98.38,
binary-em,halt-0,0.0,5,train,80,2,0,98.38,
binary-em,halt-0,0.0,5,train,80,3,0,98.38,
binary-em,halt-0,0.0,5,train,80,4,0,98.38,
binary-em,halt-0,0.0,5,train,80,5,0,98.38,includes never-halted
binary-em,halt-0,0.0,5,val,80,1,5000,98.38,
binary-em,halt-0,0.0,5,val,80,2,0,98.38,
binary-em,halt-0,0.0,5,val,80,3,0,98.38,
binary-em,halt-0,0.0,5,val,80,4,0,98.38,
binary-em,halt-0,0.0,5,val,80,5,0,98.38,includes never-halted
binary-em,halt-0,0.0,5,train,90,1,44993,99.46,
binary-em,halt-0,0.0,5,train,90,2,4,99.46,
binary-em,halt-0,0.0,5,train,90,3,1,99.46,
binary-em,halt-0,0.0,5,train,90,4,0,99.46,
binary-em,halt-0,0.0,5,train,90,5,2,99.46,includes never-halted
binary-em,halt-0,0.0,5,val,90,1,5000,99.46,
binary-em,halt-0,0.0,5,val,90,2,0,99.46,
binary-em,halt-0,0.0,5,val,90,3,0,99.46,
binary-em,halt-0,0.0,5,val,90,4,0,99.46,
binary-em,halt-0,0.0,5,val,90,5,0,99.46,includes never-halted
binary-em,halt-1.5,1.5,5,train,0,1,0,0.06,
binary-em,halt-1.5,1.5,5,train,0,2,0,0.06,
binary-em,halt-1.5,1.5,5,train,0,3,0,0.06,
binary-em,halt-1.5,1.5,5,train,0,4,0,0.06,
binary-em,halt-1.5,1.5,5,train,0,5,45000,0.06,includes never-halted
binary-em,halt-1.5,1.5,5,val,0,1,0,0.06,
binary-em,halt-1.5,1.5,5,val,0,2,0,0.06,
binary-em,halt-1.5,1.5,5,val,0,3,0,0.06,
binary-em,halt-1.5,1.5,5,val,0,4,0,0.06,
binary-em,halt-1.5,1.5,5,val,0,5,5000,0.06,includes never-halted
binary-em,halt-1.5,1.5,5,train,10,1,0,6.86,
binary-em,halt-1.5,1.5,5,train,10,2,0,6.86,
binary-em,halt-1.5,1.5,5,train,10,3,0,6.86,
binary-em,halt-1.5,1.5,5,train,10,4,0,6.86,
binary-em,halt-1.5,1.5,5,train,10,5,45000,6.86,includes never-halted
binary-em,halt-1.5,1.5,5,val,10,1,0,6.86,
binary-em,halt-1.5,1.5,5,val,10,2,0,6.86,
binary-em,halt-1.5,1.5,5,val,10,3,0,6.86,
binary-em,halt-1.5,1.5,5,val,10,4,0,6.86,
binary-em,halt-1.5,1.5,5,val,10,5,5000,6.86,includes never-halted
binary-em,halt-1.5,1.5,5,train,20,1,0,9.22,
binary-em,halt-1.5,1.5,5,train,20,2,0,9.22,
binary-em,halt-1.5,1.5,5,train,20,3,0,9.22,
binary-em,halt-1.5,1.5,5,train,20,4,0,9.22,
binary-em,halt-1.5,1.5,5,train,20,5,45000,9.22,includes never-halted
binary-em,halt-1.5,1.5,5,val,20,1,0,9.22,
binary-em,halt-1.5,1.5,5,val,20,2,0,9.22,
binary-em,halt-1.5,1.5,5,val,20,3,0,9.22,
binary-em,halt-1.5,1.5,5,val,20,4,0,9.22,
binary-em,halt-1.5,1.5,5,val,20,5,5000,9.22,includes never-halted
binary-em,halt-1.5,1.5,5,train,30,1,0,16.36,
binary-em,halt-1.5,1.5,5,train,30,2,0,16.36,
binary-em,halt-1.5,1.5,5,train,30,3,0,16.36,
binary-em,halt-1.5,1.5,5,train,30,4,0,16.36,
binary-em,halt-1.5,1.5,5,train,30,5,45000,16.36,includes never-halted
binary-em,halt-1.5,1.5,5,val,30,1,0,16.36,
binary-em,halt-1.5,1.5,5,val,30,2,0,16.36,
binary-em,halt-1.5,1.5,5,val,30,3,0,16.36,
binary-em,halt-1.5,1.5,5,val,30,4,0,16.36,
binary-em,halt-1.5,1.5,5,val,30,5,5000,16.36,includes never-halted
binary-em,halt-1.5,1.5,5,train,40,1,30402,88.08,
binary-em,halt-1.5,1.5,5,train,40,2,3725,88.08,
binary-em,halt-1.5,1.5,5,train,40,3,448,88.08,
binary-em,halt-1.5,1.5,5,train,40,4,64,88.08,
binary-em,halt-1.5,1.5,5,train,40,5,10361,88.08,includes never-halted
binary-em,halt-1.5,1.5,5,val,40,1,4203,88.08,
binary-em,halt-1.5,1.5,5,val,40,2,222,88.08,
binary-em,halt-1.5,1.5,5,val,40,3,47,88.08,
binary-em,halt-1.5,1.5,5,val,40,4,9,88.08,
binary-em,halt-1.5,1.5,5,val,40,5,519,88.08,includes never-halted
binary-em,halt-1.5,1.5,5,train,50,1,33583,86.14,
binary-em,halt-1.5,1.5,5,train,50,2,2881,86.14,
binary-em,halt-1.5,1.5,5,train,50,3,300,86.14,
binary-em,halt-1.5,1.5,5,train,50,4,35,86.14,
binary-em,halt-1.5,1.5,5,train,50,5,8201,86.14,includes never-halted
binary-em,halt-1.5,1.5,5,val,50,1,4579,86.14,
binary-em,halt-1.5,1.5,5,val,50,2,156,86.14,
binary-em,halt-1.5,1.5,5,val,50,3,25,86.14,
binary-em,halt-1.5,1.5,5,val,50,4,5,86.14,
binary-em,halt-1.5,1.5,5,val,50,5,235,86.14,includes never-halted
binary-em,halt-1.5,1.5,5,train,60,1,38052,92.32,
binary-em,halt-1.5,1.5,5,train,60,2,1845,92.32,
binary-em,halt-1.5,1.5,5,train,60,3,162,92.32,
binary-em,halt-1.5,1.5,5,train,60,4,12,92.32,
binary-em,halt-1.5,1.5,5,train,60,5,4929,92.32,includes never-halted
binary-em,halt-1.5,1.5,5,val,60,1,4832,92.32,
binary-em,halt-1.5,1.5,5,val,60,2,111,92.32,
binary-em,halt-1.5,1.5,5,val,60,3,5,92.32,
binary-em,halt-1.5,1.5,5,val,60,4,0,92.32,
binary-em,halt-1.5,1.5,5,val,60,5,52,92.32,includes never-halted
binary-em,halt-1.5,1.5,5,train,70,1,37938,79.48,
binary-em,halt-1.5,1.5,5,train,70,2,1645,79.48,
binary-em,halt-1.5,1.5,5,train,70,3,140,79.48,
binary-em,halt-1.5,1.5,5,train,70,4,26,79.48,
binary-em,halt-1.5,1.5,5,train,70,5,5251,79.48,includes never-halted
binary-em,halt-1.5,1.5,5,val,70,1,4526,79.48,
binary-em,halt-1.5,1.5,5,val,70,2,159,79.48,
binary-em,halt-1.5,1.5,5,val,70,3,8,79.48,
binary-em,halt-1.5,1.5,5,val,70,4,0,79.48,
binary-em,halt-1.5,1.5,5,val,70,5,307,79.48,includes never-halted
binary-em,halt-1.5,1.5,5,train,80,1,38566,90.64,
binary-em,halt-1.5,1.5,5,train,80,2,1397,90.64,
binary-em,halt-1.5,1.5,5,train,80,3,103,90.64,
binary-em,halt-1.5,1.5,5,train,80,4,30,90.64,
binary-em,halt-1.5,1.5,5,train,80,5,4904,90.64,includes never-halted
binary-em,halt-1.5,1.5,5,val,80,1,4714,90.64,
binary-em,halt-1.5,1.5,5,val,80,2,74,90.64,
binary-em,halt-1.5,1.5,5,val,80,3,5,90.64,
binary-em,halt-1.5,1.5,5,val,80,4,0,90.64,
binary-em,halt-1.5,1.5,5,val,80,5,207,90.64,includes never-halted
binary-em,halt-1.5,1.5,5,train,90,1,39827,87.56,
binary-em,halt-1.5,1.5,5,train,90,2,817,87.56,
binary-em,halt-1.5,1.5,5,train,90,3,78,87.56,
binary-em,halt-1.5,1.5,5,train,90,4,15,87.56,
binary-em,halt-1.5,1.5,5,train,90,5,4263,87.56,includes never-halted
binary-em,halt-1.5,1.5,5,val,90,1,4393,87.56,
binary-em,halt-1.5,1.5,5,val,90,2,98,87.56,
binary-em,halt-1.5,1.5,5,val,90,3,7,87.56,
binary-em,halt-1.5,1.5,5,val,90,4,0,87.56,
binary-em,halt-1.5,1.5,5,val,90,5,502,87.56,includes never-halted
binary-em,halt-3.0,3.0,5,train,0,1,0,0.10,
binary-em,halt-3.0,3.0,5,train,0,2,0,0.10,
binary-em,halt-3.0,3.0,5,train,0,3,0,0.10,
binary-em,halt-3.0,3.0,5,train,0,4,0,0.10,
binary-em,halt-3.0,3.0,5,train,0,5,45000,0.10,includes never-halted
binary-em,halt-3.0,3.0,5,val,0,1,0,0.10,
binary-em,halt-3.0,3.0,5,val,0,2,0,0.10,
binary-em,halt-3.0,3.0,5,val,0,3,0,0.10,
binary-em,halt-3.0,3.0,5,val,0,4,0,0.10,
binary-em,halt-3.0,3.0,5,val,0,5,5000,0.10,includes never-halted
binary-em,halt-3.0,3.0,5,train,10,1,0,7.12,
binary-em,halt-3.0,3.0,5,train,10,2,0,7.12,
binary-em,halt-3.0,3.0,5,train,10,3,0,7.12,
binary-em,halt-3.0,3.0,5,train,10,4,0,7.12,
binary-em,halt-3.0,3.0,5,train,10,5,45000,7.12,includes never-halted
binary-em,halt-3.0,3.0,5,val,10,1,0,7.12,
binary-em,halt-3.0,3.0,5,val,10,2,0,7.12,
binary-em,halt-3.0,3.0,5,val,10,3,0,7.12,
binary-em,halt-3.0,3.0,5,val,10,4,0,7.12,
binary-em,halt-3.0,3.0,5,val,10,5,5000,7.12,includes never-halted
binary-em,halt-3.0,3.0,5,train,20,1,0,8.36,
binary-em,halt-3.0,3.0,5,train,20,2,0,8.36,
binary-em,halt-3.0,3.0,5,train,20,3,0,8.36,
binary-em,halt-3.0,3.0,5,train,20,4,0,8.36,
binary-em,halt-3.0,3.0,5,train,20,5,45000,8.36,includes never-halted
binary-em,halt-3.0,3.0,5,val,20,1,0,8.36,
binary-em,halt-3.0,3.0,5,val,20,2,0,8.36,
binary-em,halt-3.0,3.0,5,val,20,3,0,8.36,
binary-em,halt-3.0,3.0,5,val,20,4,0,8.36,
binary-em,halt-3.0,3.0,5,val,20,5,5000,8.36,includes never-halted
binary-em,halt-3.0,3.0,5,train,30,1,0,9.36,
binary-em,halt-3.0,3.0,5,train,30,2,0,9.36,
binary-em,halt-3.0,3.0,5,train,30,3,0,9.36,
binary-em,halt-3.0,3.0,5,train,30,4,0,9.36,
binary-em,halt-3.0,3.0,5,train,30,5,45000,9.36,includes never-halted
binary-em,halt-3.0,3.0,5,val,30,1,0,9.36,
binary-em,halt-3.0,3.0,5,val,30,2,0,9.36,
binary-em,halt-3.0,3.0,5,val,30,3,0,9.36,
binary-em,halt-3.0,3.0,5,val,30,4,0,9.36,
binary-em,halt-3.0,3.0,5,val,30,5,5000,9.36,includes never-halted
binary-em,halt-3.0,3.0,5,train,40,1,1636,89.68,
binary-em,halt-3.0,3.0,5,train,40,2,1875,89.68,
binary-em,halt-3.0,3.0,5,train,40,3,171,89.68,
binary-em,halt-3.0,3.0,5,train,40,4,28,89.68,
binary-em,halt-3.0,3.0,5,train,40,5,41290,89.68,includes never-halted
binary-em,halt-3.0,3.0,5,val,40,1,253,89.68,
binary-em,halt-3.0,3.0,5,val,40,2,136,89.68,
binary-em,halt-3.0,3.0,5,val,40,3,23,89.68,
binary-em,halt-3.0,3.0,5,val,40,4,5,89.68,
binary-em,halt-3.0,3.0,5,val,40,5,4583,89.68,includes never-halted
binary-em,halt-3.0,3.0,5,train,50,1,16387,94.10,
binary-em,halt-3.0,3.0,5,train,50,2,5495,94.10,
binary-em,halt-3.0,3.0,5,train,50,3,510,94.10,
binary-em,halt-3.0,3.0,5,train,50,4,66,94.10,
binary-em,halt-3.0,3.0,5,train,50,5,22542,94.10,includes never-halted
binary-em,halt-3.0,3.0,5,val,50,1,2197,94.10,
binary-em,halt-3.0,3.0,5,val,50,2,659,94.10,
binary-em,halt-3.0,3.0,5,val,50,3,84,94.10,
binary-em,halt-3.0,3.0,5,val,50,4,9,94.10,
binary-em,halt-3.0,3.0,5,val,50,5,2051,94.10,includes never-halted
binary-em,halt-3.0,3.0,5,train,60,1,24224,93.80,
binary-em,halt-3.0,3.0,5,train,60,2,4804,93.80,
binary-em,halt-3.0,3.0,5,train,60,3,605,93.80,
binary-em,halt-3.0,3.0,5,train,60,4,91,93.80,
binary-em,halt-3.0,3.0,5,train,60,5,15276,93.80,includes never-halted
binary-em,halt-3.0,3.0,5,val,60,1,3578,93.80,
binary-em,halt-3.0,3.0,5,val,60,2,420,93.80,
binary-em,halt-3.0,3.0,5,val,60,3,44,93.80,
binary-em,halt-3.0,3.0,5,val,60,4,3,93.80,
binary-em,halt-3.0,3.0,5,val,60,5,955,93.80,includes never-halted
binary-em,halt-3.0,3.0,5,train,70,1,25478,92.50,
binary-em,halt-3.0,3.0,5,train,70,2,4720,92.50,
binary-em,halt-3.0,3.0,5,train,70,3,493,92.50,
binary-em,halt-3.0,3.0,5,train,70,4,85,92.50,
binary-em,halt-3.0,3.0,5,train,70,5,14224,92.50,includes never-halted
binary-em,halt-3.0,3.0,5,val,70,1,3515,92.50,
binary-em,halt-3.0,3.0,5,val,70,2,579,92.50,
binary-em,halt-3.0,3.0,5,val,70,3,62,92.50,
binary-em,halt-3.0,3.0,5,val,70,4,9,92.50,
binary-em,halt-3.0,3.0,5,val,70,5,835,92.50,includes never-halted
binary-em,halt-3.0,3.0,5,train,80,1,27049,87.94,
binary-em,halt-3.0,3.0,5,train,80,2,4518,87.94,
binary-em,halt-3.0,3.0,5,train,80,3,449,87.94,
binary-em,halt-3.0,3.0,5,train,80,4,91,87.94,
binary-em,halt-3.0,3.0,5,train,80,5,12893,87.94,includes never-halted
binary-em,halt-3.0,3.0,5,val,80,1,2871,87.94,
binary-em,halt-3.0,3.0,5,val,80,2,654,87.94,
binary-em,halt-3.0,3.0,5,val,80,3,50,87.94,
binary-em,halt-3.0,3.0,5,val,80,4,16,87.94,
binary-em,halt-3.0,3.0,5,val,80,5,1409,87.94,includes never-halted
binary-em,halt-3.0,3.0,5,train,90,1,30544,81.12,
binary-em,halt-3.0,3.0,5,train,90,2,4165,81.12,
binary-em,halt-3.0,3.0,5,train,90,3,373,81.12,
binary-em,halt-3.0,3.0,5,train,90,4,97,81.12,
binary-em,halt-3.0,3.0,5,train,90,5,9821,81.12,includes never-halted
binary-em,halt-3.0,3.0,5,val,90,1,56,81.12,
binary-em,halt-3.0,3.0,5,val,90,2,88,81.12,
binary-em,halt-3.0,3.0,5,val,90,3,18,81.12,
binary-em,halt-3.0,3.0,5,val,90,4,5,81.12,
binary-em,halt-3.0,3.0,5,val,90,5,4833,81.12,includes never-halted
binary-em,nsup-1,0.0,1,train,0,1,45000,0.06,includes never-halted
binary-em,nsup-1,0.0,1,val,0,1,5000,0.06,includes never-halted
binary-em,nsup-1,0.0,1,train,10,1,45000,5.94,includes never-halted
binary-em,nsup-1,0.0,1,val,10,1,5000,5.94,includes never-halted
binary-em,nsup-1,0.0,1,train,20,1,45000,8.90,includes never-halted
binary-em,nsup-1,0.0,1,val,20,1,5000,8.90,includes never-halted
binary-em,nsup-1,0.0,1,train,30,1,45000,72.50,includes never-halted
binary-em,nsup-1,0.0,1,val,30,1,5000,72.50,includes never-halted
binary-em,nsup-1,0.0,1,train,40,1,45000,95.46,includes never-halted
binary-em,nsup-1,0.0,1,val,40,1,5000,95.46,includes never-halted
binary-em,nsup-1,0.0,1,train,50,1,45000,95.22,includes never-halted
binary-em,nsup-1,0.0,1,val,50,1,5000,95.22,includes never-halted
binary-em,nsup-1,0.0,1,train,60,1,45000,87.20,includes never-halted
binary-em,nsup-1,0.0,1,val,60,1,5000,87.20,includes never-halted
binary-em,nsup-1,0.0,1,train,70,1,45000,98.24,includes never-halted
binary-em,nsup-1,0.0,1,val,70,1,5000,98.24,includes never-halted
binary-em,nsup-1,0.0,1,train,80,1,45000,98.32,includes never-halted
binary-em,nsup-1,0.0,1,val,80,1,5000,98.32,includes never-halted
binary-em,nsup-1,0.0,1,train,90,1,45000,99.06,includes never-halted
binary-em,nsup-1,0.0,1,val,90,1,5000,99.06,includes never-halted
binary-em,nsup-16,0.0,16,train,0,1,189,0.08,
binary-em,nsup-16,0.0,16,train,0,2,0,0.08,
binary-em,nsup-16,0.0,16,train,0,3,0,0.08,
binary-em,nsup-16,0.0,16,train,0,4,0,0.08,
binary-em,nsup-16,0.0,16,train,0,5,0,0.08,
binary-em,nsup-16,0.0,16,train,0,6,0,0.08,
binary-em,nsup-16,0.0,16,train,0,7,0,0.08,
binary-em,nsup-16,0.0,16,train,0,8,0,0.08,
binary-em,nsup-16,0.0,16,train,0,9,0,0.08,
binary-em,nsup-16,0.0,16,train,0,10,0,0.08,
binary-em,nsup-16,0.0,16,train,0,11,0,0.08,
binary-em,nsup-16,0.0,16,train,0,12,0,0.08,
binary-em,nsup-16,0.0,16,train,0,13,0,0.08,
binary-em,nsup-16,0.0,16,train,0,14,0,0.08,
binary-em,nsup-16,0.0,16,train,0,15,0,0.08,
binary-em,nsup-16,0.0,16,train,0,16,44811,0.08,includes never-halted
binary-em,nsup-16,0.0,16,val,0,1,0,0.08,
binary-em,nsup-16,0.0,16,val,0,2,0,0.08,
binary-em,nsup-16,0.0,16,val,0,3,0,0.08,
binary-em,nsup-16,0.0,16,val,0,4,0,0.08,
binary-em,nsup-16,0.0,16,val,0,5,0,0.08,
binary-em,nsup-16,0.0,16,val,0,6,0,0.08,
binary-em,nsup-16,0.0,16,val,0,7,0,0.08,
binary-em,nsup-16,0.0,16,val,0,8,0,0.08,
binary-em,nsup-16,0.0,16,val,0,9,0,0.08,
binary-em,nsup-16,0.0,16,val,0,10,0,0.08,
binary-em,nsup-16,0.0,16,val,0,11,0,0.08,
binary-em,nsup-16,0.0,16,val,0,12,0,0.08,
binary-em,nsup-16,0.0,16,val,0,13,0,0.08,
binary-em,nsup-16,0.0,16,val,0,14,0,0.08,
binary-em,nsup-16,0.0,16,val,0,15,0,0.08,
binary-em,nsup-16,0.0,16,val,0,16,5000,0.08,includes never-halted
binary-em,nsup-16,0.0,16,train,10,1,0,6.96,
binary-em,nsup-16,0.0,16,train,10,2,0,6.96,
binary-em,nsup-16,0.0,16,train,10,3,0,6.96,
binary-em,nsup-16,0.0,16,train,10,4,0,6.96,
binary-em,nsup-16,0.0,16,train,10,5,0,6.96,
binary-em,nsup-16,0.0,16,train,10,6,0,6.96,
binary-em,nsup-16,0.0,16,train,10,7,0,6.96,
binary-em,nsup-16,0.0,16,train,10,8,0,6.96,
binary-em,nsup-16,0.0,16,train,10,9,0,6.96,
binary-em,nsup-16,0.0,16,train,10,10,0,6.96,
binary-em,nsup-16,0.0,16,train,10,11,0,6.96,
binary-em,nsup-16,0.0,16,train,10,12,0,6.96,
binary-em,nsup-16,0.0,16,train,10,13,0,6.96,
binary-em,nsup-16,0.0,16,train,10,14,0,6.96,
binary-em,nsup-16,0.0,16,train,10,15,0,6.96,
binary-em,nsup-16,0.0,16,train,10,16,45000,6.96,includes never-halted
binary-em,nsup-16,0.0,16,val,10,1,0,6.96,
binary-em,nsup-16,0.0,16,val,10,2,0,6.96,
binary-em,nsup-16,0.0,16,val,10,3,0,6.96,
binary-em,nsup-16,0.0,16,val,10,4,0,6.96,
binary-em,nsup-16,0.0,16,val,10,5,0,6.96,
binary-em,nsup-16,0.0,16,val,10,6,0,6.96,
binary-em,nsup-16,0.0,16,val,10,7,0,6.96,
binary-em,nsup-16,0.0,16,val,10,8,0,6.96,
binary-em,nsup-16,0.0,16,val,10,9,0,6.96,
binary-em,nsup-16,0.0,16,val,10,10,0,6.96,
binary-em,nsup-16,0.0,16,val,10,11,0,6.96,
binary-em,nsup-16,0.0,16,val,10,12,0,6.96,
binary-em,nsup-16,0.0,16,val,10,13,0,6.96,
binary-em,nsup-16,0.0,16,val,10,14,0,6.96,
binary-em,nsup-16,0.0,16,val,10,15,0,6.96,
binary-em,nsup-16,0.0,16,val,10,16,5000,6.96,includes never-halted
binary-em,nsup-16,0.0,16,train,20,1,0,8.32,
binary-em,nsup-16,0.0,16,train,20,2,0,8.32,
binary-em,nsup-16,0.0,16,train,20,3,0,8.32,
binary-em,nsup-16,0.0,16,train,20,4,0,8.32,
binary-em,nsup-16,0.0,16,train,20,5,0,8.32,
binary-em,nsup-16,0.0,16,train,20,6,0,8.32,
binary-em,nsup-16,0.0,16,train,20,7,0,8.32,
binary-em,nsup-16,0.0,16,train,20,8,0,8.32,
binary-em,nsup-16,0.0,16,train,20,9,0,8.32,
binary-em,nsup-16,0.0,16,train,20,10,0,8.32,
binary-em,nsup-16,0.0,16,train,20,11,0,8.32,
binary-em,nsup-16,0.0,16,train,20,12,0,8.32,
binary-em,nsup-16,0.0,16,train,20,13,0,8.32,
binary-em,nsup-16,0.0,16,train,20,14,0,8.32,
binary-em,nsup-16,0.0,16,train,20,15,0,8.32,
binary-em,nsup-16,0.0,16,train,20,16,45000,8.32,includes never-halted
binary-em,nsup-16,0.0,16,val,20,1,0,8.32,
binary-em,nsup-16,0.0,16,val,20,2,0,8.32,
binary-em,nsup-16,0.0,16,val,20,3,0,8.32,
binary-em,nsup-16,0.0,16,val,20,4,0,8.32,
binary-em,nsup-16,0.0,16,val,20,5,0,8.32,
binary-em,nsup-16,0.0,16,val,20,6,0,8.32,
binary-em,nsup-16,0.0,16,val,20,7,0,8.32,
binary-em,nsup-16,0.0,16,val,20,8,0,8.32,
binary-em,nsup-16,0.0,16,val,20,9,0,8.32,
binary-em,nsup-16,0.0,16,val,20,10,0,8.32,
binary-em,nsup-16,0.0,16,val,20,11,0,8.32,
binary-em,nsup-16,0.0,16,val,20,12,0,8.32,
binary-em,nsup-16,0.0,16,val,20,13,0,8.32,
binary-em,nsup-16,0.0,16,val,20,14,0,8.32,
binary-em,nsup-16,0.0,16,val,20,15,0,8.32,
binary-em,nsup-16,0.0,16,val,20,16,5000,8.32,includes never-halted
binary-em,nsup-16,0.0,16,train,30,1,0,14.24,
binary-em,nsup-16,0.0,16,train,30,2,0,14.24,
binary-em,nsup-16,0.0,16,train,30,3,0,14.24,
binary-em,nsup-16,0.0,16,train,30,4,0,14.24,
binary-em,nsup-16,0.0,16,train,30,5,0,14.24,
binary-em,nsup-16,0.0,16,train,30,6,0,14.24,
binary-em,nsup-16,0.0,16,train,30,7,0,14.24,
binary-em,nsup-16,0.0,16,train,30,8,0,14.24,
binary-em,nsup-16,0.0,16,train,30,9,0,14.24,
binary-em,nsup-16,0.0,16,train,30,10,0,14.24,
binary-em,nsup-16,0.0,16,train,30,11,0,14.24,
binary-em,nsup-16,0.0,16,train,30,12,0,14.24,
binary-em,nsup-16,0.0,16,train,30,13,0,14.24,
binary-em,nsup-16,0.0,16,train,30,14,0,14.24,
binary-em,nsup-16,0.0,16,train,30,15,0,14.24,
binary-em,nsup-16,0.0,16,train,30,16,45000,14.24,includes never-halted
binary-em,nsup-16,0.0,16,val,30,1,0,14.24,
binary-em,nsup-16,0.0,16,val,30,2,0,14.24,
binary-em,nsup-16,0.0,16,val,30,3,0,14.24,
binary-em,nsup-16,0.0,16,val,30,4,0,14.24,
binary-em,nsup-16,0.0,16,val,30,5,0,14.24,
binary-em,nsup-16,0.0,16,val,30,6,0,14.24,
binary-em,nsup-16,0.0,16,val,30,7,0,14.24,
binary-em,nsup-16,0.0,16,val,30,8,0,14.24,
binary-em,nsup-16,0.0,16,val,30,9,0,14.24,
binary-em,nsup-16,0.0,16,val,30,10,0,14.24,
binary-em,nsup-16,0.0,16,val,30,11,0,14.24,
binary-em,nsup-16,0.0,16,val,30,12,0,14.24,
binary-em,nsup-16,0.0,16,val,30,13,0,14.24,
binary-em,nsup-16,0.0,16,val,30,14,0,14.24,
binary-em,nsup-16,0.0,16,val,30,15,0,14.24,
binary-em,nsup-16,0.0,16,val,30,16,5000,14.24,includes never-halted
binary-em,nsup-16,0.0,16,train,40,1,40222,52.06,
binary-em,nsup-16,0.0,16,train,40,2,825,52.06,
binary-em,nsup-16,0.0,16,train,40,3,101,52.06,
binary-em,nsup-16,0.0,16,train,40,4,19,52.06,
binary-em,nsup-16,0.0,16,train,40,5,5,52.06,
binary-em,nsup-16,0.0,16,train,40,6,3,52.06,
binary-em,nsup-16,0.0,16,train,40,7,2,52.06,
binary-em,nsup-16,0.0,16,train,40,8,1,52.06,
binary-em,nsup-16,0.0,16,train,40,9,1,52.06,
binary-em,nsup-16,0.0,16,train,40,10,1,52.06,
binary-em,nsup-16,0.0,16,train,40,11,2,52.06,
binary-em,nsup-16,0.0,16,train,40,12,1,52.06,
binary-em,nsup-16,0.0,16,train,40,13,1,52.06,
binary-em,nsup-16,0.0,16,train,40,14,1,52.06,
binary-em,nsup-16,0.0,16,train,40,15,1,52.06,
binary-em,nsup-16,0.0,16,train,40,16,3814,52.06,includes never-halted
binary-em,nsup-16,0.0,16,val,40,1,4677,52.06,
binary-em,nsup-16,0.0,16,val,40,2,106,52.06,
binary-em,nsup-16,0.0,16,val,40,3,17,52.06,
binary-em,nsup-16,0.0,16,val,40,4,2,52.06,
binary-em,nsup-16,0.0,16,val,40,5,2,52.06,
binary-em,nsup-16,0.0,16,val,40,6,1,52.06,
binary-em,nsup-16,0.0,16,val,40,7,1,52.06,
binary-em,nsup-16,0.0,16,val,40,8,0,52.06,
binary-em,nsup-16,0.0,16,val,40,9,0,52.06,
binary-em,nsup-16,0.0,16,val,40,10,0,52.06,
binary-em,nsup-16,0.0,16,val,40,11,0,52.06,
binary-em,nsup-16,0.0,16,val,40,12,3,52.06,
binary-em,nsup-16,0.0,16,val,40,13,0,52.06,
binary-em,nsup-16,0.0,16,val,40,14,0,52.06,
binary-em,nsup-16,0.0,16,val,40,15,0,52.06,
binary-em,nsup-16,0.0,16,val,40,16,191,52.06,includes never-halted
binary-em,nsup-16,0.0,16,train,50,1,40199,85.80,
binary-em,nsup-16,0.0,16,train,50,2,632,85.80,
binary-em,nsup-16,0.0,16,train,50,3,79,85.80,
binary-em,nsup-16,0.0,16,train,50,4,9,85.80,
binary-em,nsup-16,0.0,16,train,50,5,3,85.80,
binary-em,nsup-16,0.0,16,train,50,6,1,85.80,
binary-em,nsup-16,0.0,16,train,50,7,0,85.80,
binary-em,nsup-16,0.0,16,train,50,8,0,85.80,
binary-em,nsup-16,0.0,16,train,50,9,0,85.80,
binary-em,nsup-16,0.0,16,train,50,10,0,85.80,
binary-em,nsup-16,0.0,16,train,50,11,0,85.80,
binary-em,nsup-16,0.0,16,train,50,12,0,85.80,
binary-em,nsup-16,0.0,16,train,50,13,0,85.80,
binary-em,nsup-16,0.0,16,train,50,14,0,85.80,
binary-em,nsup-16,0.0,16,train,50,15,0,85.80,
binary-em,nsup-16,0.0,16,train,50,16,4077,85.80,includes never-halted
binary-em,nsup-16,0.0,16,val,50,1,4973,85.80,
binary-em,nsup-16,0.0,16,val,50,2,6,85.80,
binary-em,nsup-16,0.0,16,val,50,3,0,85.80,
binary-em,nsup-16,0.0,16,val,50,4,2,85.80,
binary-em,nsup-16,0.0,16,val,50,5,0,85.80,
binary-em,nsup-16,0.0,16,val,50,6,0,85.80,
binary-em,nsup-16,0.0,16,val,50,7,0,85.80,
binary-em,nsup-16,0.0,16,val,50,8,0,85.80,
binary-em,nsup-16,0.0,16,val,50,9,0,85.80,
binary-em,nsup-16,0.0,16,val,50,10,0,85.80,
binary-em,nsup-16,0.0,16,val,50,11,0,85.80,
binary-em,nsup-16,0.0,16,val,50,12,0,85.80,
binary-em,nsup-16,0.0,16,val,50,13,0,85.80,
binary-em,nsup-16,0.0,16,val,50,14,0,85.80,
binary-em,nsup-16,0.0,16,val,50,15,0,85.80,
binary-em,nsup-16,0.0,16,val,50,16,19,85.80,includes never-halted
binary-em,nsup-16,0.0,16,train,60,1,42130,96.54,
binary-em,nsup-16,0.0,16,train,60,2,235,96.54,
binary-em,nsup-16,0.0,16,train,60,3,30,96.54,
binary-em,nsup-16,0.0,16,train,60,4,7,96.54,
binary-em,nsup-16,0.0,16,train,60,5,3,96.54,
binary-em,nsup-16,0.0,16,train,60,6,0,96.54,
binary-em,nsup-16,0.0,16,train,60,7,0,96.54,
binary-em,nsup-16,0.0,16,train,60,8,1,96.54,
binary-em,nsup-16,0.0,16,train,60,9,1,96.54,
binary-em,nsup-16,0.0,16,train,60,10,0,96.54,
binary-em,nsup-16,0.0,16,train,60,11,0,96.54,
binary-em,nsup-16,0.0,16,train,60,12,0,96.54,
binary-em,nsup-16,0.0,16,train,60,13,0,96.54,
binary-em,nsup-16,0.0,16,train,60,14,0,96.54,
binary-em,nsup-16,0.0,16,train,60,15,0,96.54,
binary-em,nsup-16,0.0,16,train,60,16,2593,96.54,includes never-halted
binary-em,nsup-16,0.0,16,val,60,1,5000,96.54,
binary-em,nsup-16,0.0,16,val,60,2,0,96.54,
binary-em,nsup-16,0.0,16,val,60,3,0,96.54,
binary-em,nsup-16,0.0,16,val,60,4,0,96.54,
binary-em,nsup-16,0.0,16,val,60,5,0,96.54,
binary-em,nsup-16,0.0,16,val,60,6,0,96.54,
binary-em,nsup-16,0.0,16,val,60,7,0,96.54,
binary-em,nsup-16,0.0,16,val,60,8,0,96.54,
binary-em,nsup-16,0.0,16,val,60,9,0,96.54,
binary-em,nsup-16,0.0,16,val,60,10,0,96.54,
binary-em,nsup-16,0.0,16,val,60,11,0,96.54,
binary-em,nsup-16,0.0,16,val,60,12,0,96.54,
binary-em,nsup-16,0.0,16,val,60,13,0,96.54,
binary-em,nsup-16,0.0,16,val,60,14,0,96.54,
binary-em,nsup-16,0.0,16,val,60,15,0,96.54,
binary-em,nsup-16,0.0,16,val,60,16,0,96.54,includes never-halted
binary-em,nsup-16,0.0,16,train,70,1,44997,98.72,
binary-em,nsup-16,0.0,16,train,70,2,1,98.72,
binary-em,nsup-16,0.0,16,train,70,3,1,98.72,
binary-em,nsup-16,0.0,16,train,70,4,0,98.72,
binary-em,nsup-16,0.0,16,train,70,5,0,98.72,
binary-em,nsup-16,0.0,16,train,70,6,0,98.72,
binary-em,nsup-16,0.0,16,train,70,7,0,98.72,
binary-em,nsup-16,0.0,16,train,70,8,0,98.72,
binary-em,nsup-16,0.0,16,train,70,9,0,98.72,
binary-em,nsup-16,0.0,16,train,70,10,0,98.72,
binary-em,nsup-16,0.0,16,train,70,11,0,98.72,
binary-em,nsup-16,0.0,16,train,70,12,0,98.72,
binary-em,nsup-16,0.0,16,train,70,13,0,98.72,
binary-em,nsup-16,0.0,16,train,70,14,0,98.72,
binary-em,nsup-16,0.0,16,train,70,15,0,98.72,
binary-em,nsup-16,0.0,16,train,70,16,1,98.72,includes never-halted
binary-em,nsup-16,0.0,16,val,70,1,5000,98.72,
binary-em,nsup-16,0.0,16,val,70,2,0,98.72,
binary-em,nsup-16,0.0,16,val,70,3,0,98.72,
binary-em,nsup-16,0.0,16,val,70,4,0,98.72,
binary-em,nsup-16,0.0,16,val,70,5,0,98.72,
binary-em,nsup-16,0.0,16,val,70,6,0,98.72,
binary-em,nsup-16,0.0,16,val,70,7,0,98.72,
binary-em,nsup-16,0.0,16,val,70,8,0,98.72,
binary-em,nsup-16,0.0,16,val,70,9,0,98.72,
binary-em,nsup-16,0.0,16,val,70,10,0,98.72,
binary-em,nsup-16,0.0,16,val,70,11,0,98.72,
binary-em,nsup-16,0.0,16,val,70,12,0,98.72,
binary-em,nsup-16,0.0,16,val,70,13,0,98.72,
binary-em,nsup-16,0.0,16,val,70,14,0,98.72,
binary-em,nsup-16,0.0,16,val,70,15,0,98.72,
binary-em,nsup-16,0.0,16,val,70,16,0,98.72,includes never-halted
binary-em,nsup-16,0.0,16,train,80,1,45000,98.24,
binary-em,nsup-16,0.0,16,train,80,2,0,98.24,
binary-em,nsup-16,0.0,16,train,80,3,0,98.24,
binary-em,nsup-16,0.0,16,train,80,4,0,98.24,
binary-em,nsup-16,0.0,16,train,80,5,0,98.24,
binary-em,nsup-16,0.0,16,train,80,6,0,98.24,
binary-em,nsup-16,0.0,16,train,80,7,0,98.24,
binary-em,nsup-16,0.0,16,train,80,8,0,98.24,
binary-em,nsup-16,0.0,16,train,80,9,0,98.24,
binary-em,nsup-16,0.0,16,train,80,10,0,98.24,
binary-em,nsup-16,0.0,16,train,80,11,0,98.24,
binary-em,nsup-16,0.0,16,train,80,12,0,98.24,
binary-em,nsup-16,0.0,16,train,80,13,0,98.24,
binary-em,nsup-16,0.0,16,train,80,14,0,98.24,
binary-em,nsup-16,0.0,16,train,80,15,0,98.24,
binary-em,nsup-16,0.0,16,train,80,16,0,98.24,includes never-halted
binary-em,nsup-16,0.0,16,val,80,1,5000,98.24,
binary-em,nsup-16,0.0,16,val,80,2,0,98.24,
binary-em,nsup-16,0.0,16,val,80,3,0,98.24,
binary-em,nsup-16,0.0,16,val,80,4,0,98.24,
binary-em,nsup-16,0.0,16,val,80,5,0,98.24,
binary-em,nsup-16,0.0,16,val,80,6,0,98.24,
binary-em,nsup-16,0.0,16,val,80,7,0,98.24,
binary-em,nsup-16,0.0,16,val,80,8,0,98.24,
binary-em,nsup-16,0.0,16,val,80,9,0,98.24,
binary-em,nsup-16,0.0,16,val,80,10,0,98.24,
binary-em,nsup-16,0.0,16,val,80,11,0,98.24,
binary-em,nsup-16,0.0,16,val,80,12,0,98.24,
binary-em,nsup-16,0.0,16,val,80,13,0,98.24,
binary-em,nsup-16,0.0,16,val,80,14,0,98.24,
binary-em,nsup-16,0.0,16,val,80,15,0,98.24,
binary-em,nsup-16,0.0,16,val,80,16,0,98.24,includes never-halted
binary-em,nsup-16,0.0,16,train,90,1,45000,99.06,
binary-em,nsup-16,0.0,16,train,90,2,0,99.06,
binary-em,nsup-16,0.0,16,train,90,3,0,99.06,
binary-em,nsup-16,0.0,16,train,90,4,0,99.06,
binary-em,nsup-16,0.0,16,train,90,5,0,99.06,
binary-em,nsup-16,0.0,16,train,90,6,0,99.06,
binary-em,nsup-16,0.0,16,train,90,7,0,99.06,
binary-em,nsup-16,0.0,16,train,90,8,0,99.06,
binary-em,nsup-16,0.0,16,train,90,9,0,99.06,
binary-em,nsup-16,0.0,16,train,90,10,0,99.06,
binary-em,nsup-16,0.0,16,train,90,11,0,99.06,
binary-em,nsup-16,0.0,16,train,90,12,0,99.06,
binary-em,nsup-16,0.0,16,train,90,13,0,99.06,
binary-em,nsup-16,0.0,16,train,90,14,0,99.06,
binary-em,nsup-16,0.0,16,train,90,15,0,99.06,
binary-em,nsup-16,0.0,16,train,90,16,0,99.06,includes never-halted
binary-em,nsup-16,0.0,16,val,90,1,5000,99.06,
binary-em,nsup-16,0.0,16,val,90,2,0,99.06,
binary-em,nsup-16,0.0,16,val,90,3,0,99.06,
binary-em,nsup-16,0.0,16,val,90,4,0,99.06,
binary-em,nsup-16,0.0,16,val,90,5,0,99.06,
binary-em,nsup-16,0.0,16,val,90,6,0,99.06,
binary-em,nsup-16,0.0,16,val,90,7,0,99.06,
binary-em,nsup-16,0.0,16,val,90,8,0,99.06,
binary-em,nsup-16,0.0,16,val,90,9,0,99.06,
binary-em,nsup-16,0.0,16,val,90,10,0,99.06,
binary-em,nsup-16,0.0,16,val,90,11,0,99.06,
binary-em,nsup-16,0.0,16,val,90,12,0,99.06,
binary-em,nsup-16,0.0,16,val,90,13,0,99.06,
binary-em,nsup-16,0.0,16,val,90,14,0,99.06,
binary-em,nsup-16,0.0,16,val,90,15,0,99.06,
binary-em,nsup-16,0.0,16,val,90,16,0,99.06,includes never-halted
geomean,halt-0,0.0,5,train,0,1,0,0.10,
geomean,halt-0,0.0,5,train,0,2,0,0.10,
geomean,halt-0,0.0,5,train,0,3,0,0.10,
geomean,halt-0,0.0,5,train,0,4,0,0.10,
geomean,halt-0,0.0,5,train,0,5,45000,0.10,includes never-halted
geomean,halt-0,0.0,5,val,0,1,0,0.10,
geomean,halt-0,0.0,5,val,0,2,0,0.10,
geomean,halt-0,0.0,5,val,0,3,0,0.10,
geomean,halt-0,0.0,5,val,0,4,0,0.10,
geomean,halt-0,0.0,5,val,0,5,5000,0.10,includes never-halted
geomean,halt-0,0.0,5,train,10,1,17485,6.84,
geomean,halt-0,0.0,5,train,10,2,2614,6.84,
geomean,halt-0,0.0,5,train,10,3,495,6.84,
geomean,halt-0,0.0,5,train,10,4,133,6.84,
geomean,halt-0,0.0,5,train,10,5,24273,6.84,includes never-halted
geomean,halt-0,0.0,5,val,10,1,2048,6.84,
geomean,halt-0,0.0,5,val,10,2,314,6.84,
geomean,halt-0,0.0,5,val,10,3,36,6.84,
geomean,halt-0,0.0,5,val,10,4,13,6.84,
geomean,halt-0,0.0,5,val,10,5,2589,6.84,includes never-halted
geomean,halt-0,0.0,5,train,20,1,31565,7.82,
geomean,halt-0,0.0,5,train,20,2,1737,7.82,
geomean,halt-0,0.0,5,train,20,3,208,7.82,
geomean,halt-0,0.0,5,train,20,4,54,7.82,
geomean,halt-0,0.0,5,train,20,5,11436,7.82,includes never-halted
geomean,halt-0,0.0,5,val,20,1,3622,7.82,
geomean,halt-0,0.0,5,val,20,2,169,7.82,
geomean,halt-0,0.0,5,val,20,3,21,7.82,
geomean,halt-0,0.0,5,val,20,4,1,7.82,
geomean,halt-0,0.0,5,val,20,5,1187,7.82,includes never-halted
geomean,halt-0,0.0,5,train,30,1,36663,7.68,
geomean,halt-0,0.0,5,train,30,2,1171,7.68,
geomean,halt-0,0.0,5,train,30,3,162,7.68,
geomean,halt-0,0.0,5,train,30,4,26,7.68,
geomean,halt-0,0.0,5,train,30,5,6978,7.68,includes never-halted
geomean,halt-0,0.0,5,val,30,1,4609,7.68,
geomean,halt-0,0.0,5,val,30,2,106,7.68,
geomean,halt-0,0.0,5,val,30,3,12,7.68,
geomean,halt-0,0.0,5,val,30,4,1,7.68,
geomean,halt-0,0.0,5,val,30,5,272,7.68,includes never-halted
geomean,halt-0,0.0,5,train,40,1,43372,14.14,
geomean,halt-0,0.0,5,train,40,2,238,14.14,
geomean,halt-0,0.0,5,train,40,3,27,14.14,
geomean,halt-0,0.0,5,train,40,4,9,14.14,
geomean,halt-0,0.0,5,train,40,5,1354,14.14,includes never-halted
geomean,halt-0,0.0,5,val,40,1,4999,14.14,
geomean,halt-0,0.0,5,val,40,2,1,14.14,
geomean,halt-0,0.0,5,val,40,3,0,14.14,
geomean,halt-0,0.0,5,val,40,4,0,14.14,
geomean,halt-0,0.0,5,val,40,5,0,14.14,includes never-halted
geomean,halt-0,0.0,5,train,50,1,45000,94.48,
geomean,halt-0,0.0,5,train,50,2,0,94.48,
geomean,halt-0,0.0,5,train,50,3,0,94.48,
geomean,halt-0,0.0,5,train,50,4,0,94.48,
geomean,halt-0,0.0,5,train,50,5,0,94.48,includes never-halted
geomean,halt-0,0.0,5,val,50,1,5000,94.48,
geomean,halt-0,0.0,5,val,50,2,0,94.48,
geomean,halt-0,0.0,5,val,50,3,0,94.48,
geomean,halt-0,0.0,5,val,50,4,0,94.48,
geomean,halt-0,0.0,5,val,50,5,0,94.48,includes never-halted
geomean,halt-0,0.0,5,train,60,1,45000,95.00,
geomean,halt-0,0.0,5,train,60,2,0,95.00,
geomean,halt-0,0.0,5,train,60,3,0,95.00,
geomean,halt-0,0.0,5,train,60,4,0,95.00,
geomean,halt-0,0.0,5,train,60,5,0,95.00,includes never-halted
geomean,halt-0,0.0,5,val,60,1,5000,95.00,
geomean,halt-0,0.0,5,val,60,2,0,95.00,
geomean,halt-0,0.0,5,val,60,3,0,95.00,
geomean,halt-0,0.0,5,val,60,4,0,95.00,
geomean,halt-0,0.0,5,val,60,5,0,95.00,includes never-halted
geomean,halt-0,0.0,5,train,70,1,45000,98.54,
geomean,halt-0,0.0,5,train,70,2,0,98.54,
geomean,halt-0,0.0,5,train,70,3,0,98.54,
geomean,halt-0,0.0,5,train,70,4,0,98.54,
geomean,halt-0,0.0,5,train,70,5,0,98.54,includes never-halted
geomean,halt-0,0.0,5,val,70,1,5000,98.54,
geomean,halt-0,0.0,5,val,70,2,0,98.54,
geomean,halt-0,0.0,5,val,70,3,0,98.54,
geomean,halt-0,0.0,5,val,70,4,0,98.54,
geomean,halt-0,0.0,5,val,70,5,0,98.54,includes never-halted
geomean,halt-0,0.0,5,train,80,1,44435,95.90,
geomean,halt-0,0.0,5,train,80,2,92,95.90,
geomean,halt-0,0.0,5,train,80,3,11,95.90,
geomean,halt-0,0.0,5,train,80,4,2,95.90,
geomean,halt-0,0.0,5,train,80,5,460,95.90,includes never-halted
geomean,halt-0,0.0,5,val,80,1,5000,95.90,
geomean,halt-0,0.0,5,val,80,2,0,95.90,
geomean,halt-0,0.0,5,val,80,3,0,95.90,
geomean,halt-0,0.0,5,val,80,4,0,95.90,
geomean,halt-0,0.0,5,val,80,5,0,95.90,includes never-halted
geomean,halt-0,0.0,5,train,90,1,45000,99.64,
geomean,halt-0,0.0,5,train,90,2,0,99.64,
geomean,halt-0,0.0,5,train,90,3,0,99.64,
geomean,halt-0,0.0,5,train,90,4,0,99.64,
geomean,halt-0,0.0,5,train,90,5,0,99.64,includes never-halted
geomean,halt-0,0.0,5,val,90,1,5000,99.64,
geomean,halt-0,0.0,5,val,90,2,0,99.64,
geomean,halt-0,0.0,5,val,90,3,0,99.64,
geomean,halt-0,0.0,5,val,90,4,0,99.64,
geomean,halt-0,0.0,5,val,90,5,0,99.64,includes never-halted
geomean,halt-1.5,1.5,5,train,0,1,0,0.10,
geomean,halt-1.5,1.5,5,train,0,2,0,0.10,
geomean,halt-1.5,1.5,5,train,0,3,0,0.10,
geomean,halt-1.5,1.5,5,train,0,4,0,0.10,
geomean,halt-1.5,1.5,5,train,0,5,45000,0.10,includes never-halted
geomean,halt-1.5,1.5,5,val,0,1,0,0.10,
geomean,halt-1.5,1.5,5,val,0,2,0,0.10,
geomean,halt-1.5,1.5,5,val,0,3,0,0.10,
geomean,halt-1.5,1.5,5,val,0,4,0,0.10,
geomean,halt-1.5,1.5,5,val,0,5,5000,0.10,includes never-halted
geomean,halt-1.5,1.5,5,train,10,1,0,7.44,
geomean,halt-1.5,1.5,5,train,10,2,0,7.44,
geomean,halt-1.5,1.5,5,train,10,3,0,7.44,
geomean,halt-1.5,1.5,5,train,10,4,0,7.44,
geomean,halt-1.5,1.5,5,train,10,5,45000,7.44,includes never-halted
geomean,halt-1.5,1.5,5,val,10,1,0,7.44,
geomean,halt-1.5,1.5,5,val,10,2,0,7.44,
geomean,halt-1.5,1.5,5,val,10,3,0,7.44,
geomean,halt-1.5,1.5,5,val,10,4,0,7.44,
geomean,halt-1.5,1.5,5,val,10,5,5000,7.44,includes never-halted
geomean,halt-1.5,1.5,5,train,20,1,0,7.66,
geomean,halt-1.5,1.5,5,train,20,2,0,7.66,
geomean,halt-1.5,1.5,5,train,20,3,0,7.66,
geomean,halt-1.5,1.5,5,train,20,4,0,7.66,
geomean,halt-1.5,1.5,5,train,20,5,45000,7.66,includes never-halted
geomean,halt-1.5,1.5,5,val,20,1,0,7.66,
geomean,halt-1.5,1.5,5,val,20,2,0,7.66,
geomean,halt-1.5,1.5,5,val,20,3,0,7.66,
geomean,halt-1.5,1.5,5,val,20,4,0,7.66,
geomean,halt-1.5,1.5,5,val,20,5,5000,7.66,includes never-halted
geomean,halt-1.5,1.5,5,train,30,1,0,13.24,
geomean,halt-1.5,1.5,5,train,30,2,0,13.24,
geomean,halt-1.5,1.5,5,train,30,3,0,13.24,
geomean,halt-1.5,1.5,5,train,30,4,0,13.24,
geomean,halt-1.5,1.5,5,train,30,5,45000,13.24,includes never-halted
geomean,halt-1.5,1.5,5,val,30,1,0,13.24,
geomean,halt-1.5,1.5,5,val,30,2,0,13.24,
geomean,halt-1.5,1.5,5,val,30,3,0,13.24,
geomean,halt-1.5,1.5,5,val,30,4,0,13.24,
geomean,halt-1.5,1.5,5,val,30,5,5000,13.24,includes never-halted
geomean,halt-1.5,1.5,5,train,40,1,33650,78.28,
geomean,halt-1.5,1.5,5,train,40,2,3240,78.28,
geomean,halt-1.5,1.5,5,train,40,3,243,78.28,
geomean,halt-1.5,1.5,5,train,40,4,41,78.28,
geomean,halt-1.5,1.5,5,train,40,5,7826,78.28,includes never-halted
geomean,halt-1.5,1.5,5,val,40,1,4070,78.28,
geomean,halt-1.5,1.5,5,val,40,2,274,78.28,
geomean,halt-1.5,1.5,5,val,40,3,22,78.28,
geomean,halt-1.5,1.5,5,val,40,4,1,78.28,
geomean,halt-1.5,1.5,5,val,40,5,633,78.28,includes never-halted
geomean,halt-1.5,1.5,5,train,50,1,37104,78.04,
geomean,halt-1.5,1.5,5,train,50,2,1233,78.04,
geomean,halt-1.5,1.5,5,train,50,3,126,78.04,
geomean,halt-1.5,1.5,5,train,50,4,27,78.04,
geomean,halt-1.5,1.5,5,train,50,5,6510,78.04,includes never-halted
geomean,halt-1.5,1.5,5,val,50,1,4497,78.04,
geomean,halt-1.5,1.5,5,val,50,2,89,78.04,
geomean,halt-1.5,1.5,5,val,50,3,3,78.04,
geomean,halt-1.5,1.5,5,val,50,4,1,78.04,
geomean,halt-1.5,1.5,5,val,50,5,410,78.04,includes never-halted
geomean,halt-1.5,1.5,5,train,60,1,44998,96.24,
geomean,halt-1.5,1.5,5,train,60,2,2,96.24,
geomean,halt-1.5,1.5,5,train,60,3,0,96.24,
geomean,halt-1.5,1.5,5,train,60,4,0,96.24,
geomean,halt-1.5,1.5,5,train,60,5,0,96.24,includes never-halted
geomean,halt-1.5,1.5,5,val,60,1,5000,96.24,
geomean,halt-1.5,1.5,5,val,60,2,0,96.24,
geomean,halt-1.5,1.5,5,val,60,3,0,96.24,
geomean,halt-1.5,1.5,5,val,60,4,0,96.24,
geomean,halt-1.5,1.5,5,val,60,5,0,96.24,includes never-halted
geomean,halt-1.5,1.5,5,train,70,1,40130,86.12,
geomean,halt-1.5,1.5,5,train,70,2,988,86.12,
geomean,halt-1.5,1.5,5,train,70,3,136,86.12,
geomean,halt-1.5,1.5,5,train,70,4,15,86.12,
geomean,halt-1.5,1.5,5,train,70,5,3731,86.12,includes never-halted
geomean,halt-1.5,1.5,5,val,70,1,4685,86.12,
geomean,halt-1.5,1.5,5,val,70,2,73,86.12,
geomean,halt-1.5,1.5,5,val,70,3,10,86.12,
geomean,halt-1.5,1.5,5,val,70,4,2,86.12,
geomean,halt-1.5,1.5,5,val,70,5,230,86.12,includes never-halted
geomean,halt-1.5,1.5,5,train,80,1,39405,89.16,
geomean,halt-1.5,1.5,5,train,80,2,620,89.16,
geomean,halt-1.5,1.5,5,train,80,3,67,89.16,
geomean,halt-1.5,1.5,5,train,80,4,10,89.16,
geomean,halt-1.5,1.5,5,train,80,5,4898,89.16,includes never-halted
geomean,halt-1.5,1.5,5,val,80,1,4939,89.16,
geomean,halt-1.5,1.5,5,val,80,2,25,89.16,
geomean,halt-1.5,1.5,5,val,80,3,0,89.16,
geomean,halt-1.5,1.5,5,val,80,4,2,89.16,
geomean,halt-1.5,1.5,5,val,80,5,34,89.16,includes never-halted
geomean,halt-1.5,1.5,5,train,90,1,44998,98.64,
geomean,halt-1.5,1.5,5,train,90,2,1,98.64,
geomean,halt-1.5,1.5,5,train,90,3,0,98.64,
geomean,halt-1.5,1.5,5,train,90,4,0,98.64,
geomean,halt-1.5,1.5,5,train,90,5,1,98.64,includes never-halted
geomean,halt-1.5,1.5,5,val,90,1,5000,98.64,
geomean,halt-1.5,1.5,5,val,90,2,0,98.64,
geomean,halt-1.5,1.5,5,val,90,3,0,98.64,
geomean,halt-1.5,1.5,5,val,90,4,0,98.64,
geomean,halt-1.5,1.5,5,val,90,5,0,98.64,includes never-halted
geomean,halt-3.0,3.0,5,train,0,1,0,0.06,
geomean,halt-3.0,3.0,5,train,0,2,0,0.06,
geomean,halt-3.0,3.0,5,train,0,3,0,0.06,
geomean,halt-3.0,3.0,5,train,0,4,0,0.06,
geomean,halt-3.0,3.0,5,train,0,5,45000,0.06,includes never-halted
geomean,halt-3.0,3.0,5,val,0,1,0,0.06,
geomean,halt-3.0,3.0,5,val,0,2,0,0.06,
geomean,halt-3.0,3.0,5,val,0,3,0,0.06,
geomean,halt-3.0,3.0,5,val,0,4,0,0.06,
geomean,halt-3.0,3.0,5,val,0,5,5000,0.06,includes never-halted
geomean,halt-3.0,3.0,5,train,10,1,0,7.34,
geomean,halt-3.0,3.0,5,train,10,2,0,7.34,
geomean,halt-3.0,3.0,5,train,10,3,0,7.34,
geomean,halt-3.0,3.0,5,train,10,4,0,7.34,
geomean,halt-3.0,3.0,5,train,10,5,45000,7.34,includes never-halted
geomean,halt-3.0,3.0,5,val,10,1,0,7.34,
geomean,halt-3.0,3.0,5,val,10,2,0,7.34,
geomean,halt-3.0,3.0,5,val,10,3,0,7.34,
geomean,halt-3.0,3.0,5,val,10,4,0,7.34,
geomean,halt-3.0,3.0,5,val,10,5,5000,7.34,includes never-halted
geomean,halt-3.0,3.0,5,train,20,1,0,8.54,
geomean,halt-3.0,3.0,5,train,20,2,0,8.54,
geomean,halt-3.0,3.0,5,train,20,3,0,8.54,
geomean,halt-3.0,3.0,5,train,20,4,0,8.54,
geomean,halt-3.0,3.0,5,train,20,5,45000,8.54,includes never-halted
geomean,halt-3.0,3.0,5,val,20,1,0,8.54,
geomean,halt-3.0,3.0,5,val,20,2,0,8.54,
geomean,halt-3.0,3.0,5,val,20,3,0,8.54,
geomean,halt-3.0,3.0,5,val,20,4,0,8.54,
geomean,halt-3.0,3.0,5,val,20,5,5000,8.54,includes never-halted
geomean,halt-3.0,3.0,5,train,30,1,14,75.18,
geomean,halt-3.0,3.0,5,train,30,2,167,75.18,
geomean,halt-3.0,3.0,5,train,30,3,14,75.18,
geomean,halt-3.0,3.0,5,train,30,4,4,75.18,
geomean,halt-3.0,3.0,5,train,30,5,44801,75.18,includes never-halted
geomean,halt-3.0,3.0,5,val,30,1,0,75.18,
geomean,halt-3.0,3.0,5,val,30,2,6,75.18,
geomean,halt-3.0,3.0,5,val,30,3,0,75.18,
geomean,halt-3.0,3.0,5,val,30,4,1,75.18,
geomean,halt-3.0,3.0,5,val,30,5,4993,75.18,includes never-halted
geomean,halt-3.0,3.0,5,train,40,1,12605,87.70,
geomean,halt-3.0,3.0,5,train,40,2,9474,87.70,
geomean,halt-3.0,3.0,5,train,40,3,656,87.70,
geomean,halt-3.0,3.0,5,train,40,4,106,87.70,
geomean,halt-3.0,3.0,5,train,40,5,22159,87.70,includes never-halted
geomean,halt-3.0,3.0,5,val,40,1,2099,87.70,
geomean,halt-3.0,3.0,5,val,40,2,1013,87.70,
geomean,halt-3.0,3.0,5,val,40,3,67,87.70,
geomean,halt-3.0,3.0,5,val,40,4,15,87.70,
geomean,halt-3.0,3.0,5,val,40,5,1806,87.70,includes never-halted
geomean,halt-3.0,3.0,5,train,50,1,21834,92.72,
geomean,halt-3.0,3.0,5,train,50,2,7044,92.72,
geomean,halt-3.0,3.0,5,train,50,3,486,92.72,
geomean,halt-3.0,3.0,5,train,50,4,100,92.72,
geomean,halt-3.0,3.0,5,train,50,5,15536,92.72,includes never-halted
geomean,halt-3.0,3.0,5,val,50,1,2317,92.72,
geomean,halt-3.0,3.0,5,val,50,2,1052,92.72,
geomean,halt-3.0,3.0,5,val,50,3,64,92.72,
geomean,halt-3.0,3.0,5,val,50,4,12,92.72,
geomean,halt-3.0,3.0,5,val,50,5,1555,92.72,includes never-halted
geomean,halt-3.0,3.0,5,train,60,1,26030,91.72,
geomean,halt-3.0,3.0,5,train,60,2,6598,91.72,
geomean,halt-3.0,3.0,5,train,60,3,436,91.72,
geomean,halt-3.0,3.0,5,train,60,4,96,91.72,
geomean,halt-3.0,3.0,5,train,60,5,11840,91.72,includes never-halted
geomean,halt-3.0,3.0,5,val,60,1,3135,91.72,
geomean,halt-3.0,3.0,5,val,60,2,690,91.72,
geomean,halt-3.0,3.0,5,val,60,3,57,91.72,
geomean,halt-3.0,3.0,5,val,60,4,10,91.72,
geomean,halt-3.0,3.0,5,val,60,5,1108,91.72,includes never-halted
geomean,halt-3.0,3.0,5,train,70,1,29668,88.92,
geomean,halt-3.0,3.0,5,train,70,2,5360,88.92,
geomean,halt-3.0,3.0,5,train,70,3,340,88.92,
geomean,halt-3.0,3.0,5,train,70,4,60,88.92,
geomean,halt-3.0,3.0,5,train,70,5,9572,88.92,includes never-halted
geomean,halt-3.0,3.0,5,val,70,1,1480,88.92,
geomean,halt-3.0,3.0,5,val,70,2,685,88.92,
geomean,halt-3.0,3.0,5,val,70,3,67,88.92,
geomean,halt-3.0,3.0,5,val,70,4,8,88.92,
geomean,halt-3.0,3.0,5,val,70,5,2760,88.92,includes never-halted
geomean,halt-3.0,3.0,5,train,80,1,31798,92.54,
geomean,halt-3.0,3.0,5,train,80,2,4344,92.54,
geomean,halt-3.0,3.0,5,train,80,3,311,92.54,
geomean,halt-3.0,3.0,5,train,80,4,60,92.54,
geomean,halt-3.0,3.0,5,train,80,5,8487,92.54,includes never-halted
geomean,halt-3.0,3.0,5,val,80,1,3816,92.54,
geomean,halt-3.0,3.0,5,val,80,2,381,92.54,
geomean,halt-3.0,3.0,5,val,80,3,24,92.54,
geomean,halt-3.0,3.0,5,val,80,4,3,92.54,
geomean,halt-3.0,3.0,5,val,80,5,776,92.54,includes never-halted
geomean,halt-3.0,3.0,5,train,90,1,36008,95.54,
geomean,halt-3.0,3.0,5,train,90,2,2479,95.54,
geomean,halt-3.0,3.0,5,train,90,3,180,95.54,
geomean,halt-3.0,3.0,5,train,90,4,23,95.54,
geomean,halt-3.0,3.0,5,train,90,5,6310,95.54,includes never-halted
geomean,halt-3.0,3.0,5,val,90,1,3748,95.54,
geomean,halt-3.0,3.0,5,val,90,2,426,95.54,
geomean,halt-3.0,3.0,5,val,90,3,35,95.54,
geomean,halt-3.0,3.0,5,val,90,4,5,95.54,
geomean,halt-3.0,3.0,5,val,90,5,786,95.54,includes never-halted
geomean,nsup-1,0.0,1,train,0,1,45000,0.04,includes never-halted
geomean,nsup-1,0.0,1,val,0,1,5000,0.04,includes never-halted
geomean,nsup-1,0.0,1,train,10,1,45000,6.86,includes never-halted
geomean,nsup-1,0.0,1,val,10,1,5000,6.86,includes never-halted
geomean,nsup-1,0.0,1,train,20,1,45000,8.18,includes never-halted
geomean,nsup-1,0.0,1,val,20,1,5000,8.18,includes never-halted
geomean,nsup-1,0.0,1,train,30,1,45000,68.76,includes never-halted
geomean,nsup-1,0.0,1,val,30,1,5000,68.76,includes never-halted
geomean,nsup-1,0.0,1,train,40,1,45000,97.74,includes never-halted
geomean,nsup-1,0.0,1,val,40,1,5000,97.74,includes never-halted
geomean,nsup-1,0.0,1,train,50,1,45000,96.70,includes never-halted
geomean,nsup-1,0.0,1,val,50,1,5000,96.70,includes never-halted
geomean,nsup-1,0.0,1,train,60,1,45000,95.82,includes never-halted
geomean,nsup-1,0.0,1,val,60,1,5000,95.82,includes never-halted
geomean,nsup-1,0.0,1,train,70,1,45000,98.76,includes never-halted
geomean,nsup-1,0.0,1,val,70,1,5000,98.76,includes never-halted
geomean,nsup-1,0.0,1,train,80,1,45000,98.84,includes never-halted
geomean,nsup-1,0.0,1,val,80,1,5000,98.84,includes never-halted
geomean,nsup-1,0.0,1,train,90,1,45000,99.10,includes never-halted
geomean,nsup-1,0.0,1,val,90,1,5000,99.10,includes never-halted
geomean,nsup-16,0.0,16,train,0,1,0,0.04,
geomean,nsup-16,0.0,16,train,0,2,0,0.04,
geomean,nsup-16,0.0,16,train,0,3,0,0.04,
geomean,nsup-16,0.0,16,train,0,4,0,0.04,
geomean,nsup-16,0.0,16,train,0,5,0,0.04,
geomean,nsup-16,0.0,16,train,0,6,0,0.04,
geomean,nsup-16,0.0,16,train,0,7,0,0.04,
geomean,nsup-16,0.0,16,train,0,8,0,0.04,
geomean,nsup-16,0.0,16,train,0,9,0,0.04,
geomean,nsup-16,0.0,16,train,0,10,0,0.04,
geomean,nsup-16,0.0,16,train,0,11,0,0.04,
geomean,nsup-16,0.0,16,train,0,12,0,0.04,
geomean,nsup-16,0.0,16,train,0,13,0,0.04,
geomean,nsup-16,0.0,16,train,0,14,0,0.04,
geomean,nsup-16,0.0,16,train,0,15,0,0.04,
geomean,nsup-16,0.0,16,train,0,16,45000,0.04,includes never-halted
geomean,nsup-16,0.0,16,val,0,1,0,0.04,
geomean,nsup-16,0.0,16,val,0,2,0,0.04,
geomean,nsup-16,0.0,16,val,0,3,0,0.04,
geomean,nsup-16,0.0,16,val,0,4,0,0.04,
geomean,nsup-16,0.0,16,val,0,5,0,0.04,
geomean,nsup-16,0.0,16,val,0,6,0,0.04,
geomean,nsup-16,0.0,16,val,0,7,0,0.04,
geomean,nsup-16,0.0,16,val,0,8,0,0.04,
geomean,nsup-16,0.0,16,val,0,9,0,0.04,
geomean,nsup-16,0.0,16,val,0,10,0,0.04,
geomean,nsup-16,0.0,16,val,0,11,0,0.04,
geomean,nsup-16,0.0,16,val,0,12,0,0.04,
geomean,nsup-16,0.0,16,val,0,13,0,0.04,
geomean,nsup-16,0.0,16,val,0,14,0,0.04,
geomean,nsup-16,0.0,16,val,0,15,0,0.04,
geomean,nsup-16,0.0,16,val,0,16,5000,0.04,includes never-halted
geomean,nsup-16,0.0,16,train,10,1,1758,5.62,
geomean,nsup-16,0.0,16,train,10,2,607,5.62,
geomean,nsup-16,0.0,16,train,10,3,170,5.62,
geomean,nsup-16,0.0,16,train,10,4,58,5.62,
geomean,nsup-16,0.0,16,train,10,5,8,5.62,
geomean,nsup-16,0.0,16,train,10,6,9,5.62,
geomean,nsup-16,0.0,16,train,10,7,4,5.62,
geomean,nsup-16,0.0,16,train,10,8,3,5.62,
geomean,nsup-16,0.0,16,train,10,9,5,5.62,
geomean,nsup-16,0.0,16,train,10,10,1,5.62,
geomean,nsup-16,0.0,16,train,10,11,0,5.62,
geomean,nsup-16,0.0,16,train,10,12,1,5.62,
geomean,nsup-16,0.0,16,train,10,13,1,5.62,
geomean,nsup-16,0.0,16,train,10,14,1,5.62,
geomean,nsup-16,0.0,16,train,10,15,2,5.62,
geomean,nsup-16,0.0,16,train,10,16,42372,5.62,includes never-halted
geomean,nsup-16,0.0,16,val,10,1,1247,5.62,
geomean,nsup-16,0.0,16,val,10,2,258,5.62,
geomean,nsup-16,0.0,16,val,10,3,88,5.62,
geomean,nsup-16,0.0,16,val,10,4,26,5.62,
geomean,nsup-16,0.0,16,val,10,5,8,5.62,
geomean,nsup-16,0.0,16,val,10,6,3,5.62,
geomean,nsup-16,0.0,16,val,10,7,2,5.62,
geomean,nsup-16,0.0,16,val,10,8,1,5.62,
geomean,nsup-16,0.0,16,val,10,9,0,5.62,
geomean,nsup-16,0.0,16,val,10,10,0,5.62,
geomean,nsup-16,0.0,16,val,10,11,1,5.62,
geomean,nsup-16,0.0,16,val,10,12,0,5.62,
geomean,nsup-16,0.0,16,val,10,13,0,5.62,
geomean,nsup-16,0.0,16,val,10,14,1,5.62,
geomean,nsup-16,0.0,16,val,10,15,0,5.62,
geomean,nsup-16,0.0,16,val,10,16,3365,5.62,includes never-halted
geomean,nsup-16,0.0,16,train,20,1,29494,6.66,
geomean,nsup-16,0.0,16,train,20,2,2225,6.66,
geomean,nsup-16,0.0,16,train,20,3,260,6.66,
geomean,nsup-16,0.0,16,train,20,4,50,6.66,
geomean,nsup-16,0.0,16,train,20,5,13,6.66,
geomean,nsup-16,0.0,16,train,20,6,4,6.66,
geomean,nsup-16,0.0,16,train,20,7,7,6.66,
geomean,nsup-16,0.0,16,train,20,8,3,6.66,
geomean,nsup-16,0.0,16,train,20,9,1,6.66,
geomean,nsup-16,0.0,16,train,20,10,1,6.66,
geomean,nsup-16,0.0,16,train,20,11,0,6.66,
geomean,nsup-16,0.0,16,train,20,12,1,6.66,
geomean,nsup-16,0.0,16,train,20,13,2,6.66,
geomean,nsup-16,0.0,16,train,20,14,0,6.66,
geomean,nsup-16,0.0,16,train,20,15,1,6.66,
geomean,nsup-16,0.0,16,train,20,16,12938,6.66,includes never-halted
geomean,nsup-16,0.0,16,val,20,1,3671,6.66,
geomean,nsup-16,0.0,16,val,20,2,274,6.66,
geomean,nsup-16,0.0,16,val,20,3,32,6.66,
geomean,nsup-16,0.0,16,val,20,4,7,6.66,
geomean,nsup-16,0.0,16,val,20,5,2,6.66,
geomean,nsup-16,0.0,16,val,20,6,0,6.66,
geomean,nsup-16,0.0,16,val,20,7,1,6.66,
geomean,nsup-16,0.0,16,val,20,8,0,6.66,
geomean,nsup-16,0.0,16,val,20,9,0,6.66,
geomean,nsup-16,0.0,16,val,20,10,0,6.66,
geomean,nsup-16,0.0,16,val,20,11,0,6.66,
geomean,nsup-16,0.0,16,val,20,12,0,6.66,
geomean,nsup-16,0.0,16,val,20,13,0,6.66,
geomean,nsup-16,0.0,16,val,20,14,0,6.66,
geomean,nsup-16,0.0,16,val,20,15,0,6.66,
geomean,nsup-16,0.0,16,val,20,16,1013,6.66,includes never-halted
geomean,nsup-16,0.0,16,train,30,1,34089,7.90,
geomean,nsup-16,0.0,16,train,30,2,1286,7.90,
geomean,nsup-16,0.0,16,train,30,3,160,7.90,
geomean,nsup-16,0.0,16,train,30,4,26,7.90,
geomean,nsup-16,0.0,16,train,30,5,10,7.90,
geomean,nsup-16,0.0,16,train,30,6,3,7.90,
geomean,nsup-16,0.0,16,train,30,7,6,7.90,
geomean,nsup-16,0.0,16,train,30,8,3,7.90,
geomean,nsup-16,0.0,16,train,30,9,1,7.90,
geomean,nsup-16,0.0,16,train,30,10,2,7.90,
geomean,nsup-16,0.0,16,train,30,11,1,7.90,
geomean,nsup-16,0.0,16,train,30,12,1,7.90,
geomean,nsup-16,0.0,16,train,30,13,0,7.90,
geomean,nsup-16,0.0,16,train,30,14,1,7.90,
geomean,nsup-16,0.0,16,train,30,15,0,7.90,
geomean,nsup-16,0.0,16,train,30,16,9411,7.90,includes never-halted
geomean,nsup-16,0.0,16,val,30,1,3424,7.90,
geomean,nsup-16,0.0,16,val,30,2,171,7.90,
geomean,nsup-16,0.0,16,val,30,3,14,7.90,
geomean,nsup-16,0.0,16,val,30,4,2,7.90,
geomean,nsup-16,0.0,16,val,30,5,1,7.90,
geomean,nsup-16,0.0,16,val,30,6,0,7.90,
geomean,nsup-16,0.0,16,val,30,7,0,7.90,
geomean,nsup-16,0.0,16,val,30,8,0,7.90,
geomean,nsup-16,0.0,16,val,30,9,2,7.90,
geomean,nsup-16,0.0,16,val,30,10,0,7.90,
geomean,nsup-16,0.0,16,val,30,11,0,7.90,
geomean,nsup-16,0.0,16,val,30,12,0,7.90,
geomean,nsup-16,0.0,16,val,30,13,0,7.90,
geomean,nsup-16,0.0,16,val,30,14,0,7.90,
geomean,nsup-16,0.0,16,val,30,15,0,7.90,
geomean,nsup-16,0.0,16,val,30,16,1386,7.90,includes never-halted
geomean,nsup-16,0.0,16,train,40,1,37507,9.94,
geomean,nsup-16,0.0,16,train,40,2,933,9.94,
geomean,nsup-16,0.0,16,train,40,3,110,9.94,
geomean,nsup-16,0.0,16,train,40,4,20,9.94,
geomean,nsup-16,0.0,16,train,40,5,9,9.94,
geomean,nsup-16,0.0,16,train,40,6,5,9.94,
geomean,nsup-16,0.0,16,train,40,7,5,9.94,
geomean,nsup-16,0.0,16,train,40,8,2,9.94,
geomean,nsup-16,0.0,16,train,40,9,1,9.94,
geomean,nsup-16,0.0,16,train,40,10,0,9.94,
geomean,nsup-16,0.0,16,train,40,11,0,9.94,
geomean,nsup-16,0.0,16,train,40,12,0,9.94,
geomean,nsup-16,0.0,16,train,40,13,0,9.94,
geomean,nsup-16,0.0,16,train,40,14,0,9.94,
geomean,nsup-16,0.0,16,train,40,15,1,9.94,
geomean,nsup-16,0.0,16,train,40,16,6407,9.94,includes never-halted
geomean,nsup-16,0.0,16,val,40,1,4495,9.94,
geomean,nsup-16,0.0,16,val,40,2,74,9.94,
geomean,nsup-16,0.0,16,val,40,3,2,9.94,
geomean,nsup-16,0.0,16,val,40,4,1,9.94,
geomean,nsup-16,0.0,16,val,40,5,1,9.94,
geomean,nsup-16,0.0,16,val,40,6,0,9.94,
geomean,nsup-16,0.0,16,val,40,7,0,9.94,
geomean,nsup-16,0.0,16,val,40,8,0,9.94,
geomean,nsup-16,0.0,16,val,40,9,0,9.94,
geomean,nsup-16,0.0,16,val,40,10,0,9.94,
geomean,nsup-16,0.0,16,val,40,11,0,9.94,
geomean,nsup-16,0.0,16,val,40,12,0,9.94,
geomean,nsup-16,0.0,16,val,40,13,0,9.94,
geomean,nsup-16,0.0,16,val,40,14,0,9.94,
geomean,nsup-16,0.0,16,val,40,15,0,9.94,
geomean,nsup-16,0.0,16,val,40,16,427,9.94,includes never-halted
geomean,nsup-16,0.0,16,train,50,1,45000,83.90,
geomean,nsup-16,0.0,16,train,50,2,0,83.90,
geomean,nsup-16,0.0,16,train,50,3,0,83.90,
geomean,nsup-16,0.0,16,train,50,4,0,83.90,
geomean,nsup-16,0.0,16,train,50,5,0,83.90,
geomean,nsup-16,0.0,16,train,50,6,0,83.90,
geomean,nsup-16,0.0,16,train,50,7,0,83.90,
geomean,nsup-16,0.0,16,train,50,8,0,83.90,
geomean,nsup-16,0.0,16,train,50,9,0,83.90,
geomean,nsup-16,0.0,16,train,50,10,0,83.90,
geomean,nsup-16,0.0,16,train,50,11,0,83.90,
geomean,nsup-16,0.0,16,train,50,12,0,83.90,
geomean,nsup-16,0.0,16,train,50,13,0,83.90,
geomean,nsup-16,0.0,16,train,50,14,0,83.90,
geomean,nsup-16,0.0,16,train,50,15,0,83.90,
geomean,nsup-16,0.0,16,train,50,16,0,83.90,includes never-halted
geomean,nsup-16,0.0,16,val,50,1,5000,83.90,
geomean,nsup-16,0.0,16,val,50,2,0,83.90,
geomean,nsup-16,0.0,16,val,50,3,0,83.90,
geomean,nsup-16,0.0,16,val,50,4,0,83.90,
geomean,nsup-16,0.0,16,val,50,5,0,83.90,
geomean,nsup-16,0.0,16,val,50,6,0,83.90,
geomean,nsup-16,0.0,16,val,50,7,0,83.90,
geomean,nsup-16,0.0,16,val,50,8,0,83.90,
geomean,nsup-16,0.0,16,val,50,9,0,83.90,
geomean,nsup-16,0.0,16,val,50,10,0,83.90,
geomean,nsup-16,0.0,16,val,50,11,0,83.90,
geomean,nsup-16,0.0,16,val,50,12,0,83.90,
geomean,nsup-16,0.0,16,val,50,13,0,83.90,
geomean,nsup-16,0.0,16,val,50,14,0,83.90,
geomean,nsup-16,0.0,16,val,50,15,0,83.90,
geomean,nsup-16,0.0,16,val,50,16,0,83.90,includes never-halted
geomean,nsup-16,0.0,16,train,60,1,45000,96.74,
geomean,nsup-16,0.0,16,train,60,2,0,96.74,
geomean,nsup-16,0.0,16,train,60,3,0,96.74,
geomean,nsup-16,0.0,16,train,60,4,0,96.74,
geomean,nsup-16,0.0,16,train,60,5,0,96.74,
geomean,nsup-16,0.0,16,train,60,6,0,96.74,
geomean,nsup-16,0.0,16,train,60,7,0,96.74,
geomean,nsup-16,0.0,16,train,60,8,0,96.74,
geomean,nsup-16,0.0,16,train,60,9,0,96.74,
geomean,nsup-16,0.0,16,train,60,10,0,96.74,
geomean,nsup-16,0.0,16,train,60,11,0,96.74,
geomean,nsup-16,0.0,16,train,60,12,0,96.74,
geomean,nsup-16,0.0,16,train,60,13,0,96.74,
geomean,nsup-16,0.0,16,train,60,14,0,96.74,
geomean,nsup-16,0.0,16,train,60,15,0,96.74,
geomean,nsup-16,0.0,16,train,60,16,0,96.74,includes never-halted
geomean,nsup-16,0.0,16,val,60,1,5000,96.74,
geomean,nsup-16,0.0,16,val,60,2,0,96.74,
geomean,nsup-16,0.0,16,val,60,3,0,96.74,
geomean,nsup-16,0.0,16,val,60,4,0,96.74,
geomean,nsup-16,0.0,16,val,60,5,0,96.74,
geomean,nsup-16,0.0,16,val,60,6,0,96.74,
geomean,nsup-16,0.0,16,val,60,7,0,96.74,
geomean,nsup-16,0.0,16,val,60,8,0,96.74,
geomean,nsup-16,0.0,16,val,60,9,0,96.74,
geomean,nsup-16,0.0,16,val,60,10,0,96.74,
geomean,nsup-16,0.0,16,val,60,11,0,96.74,
geomean,nsup-16,0.0,16,val,60,12,0,96.74,
geomean,nsup-16,0.0,16,val,60,13,0,96.74,
geomean,nsup-16,0.0,16,val,60,14,0,96.74,
geomean,nsup-16,0.0,16,val,60,15,0,96.74,
geomean,nsup-16,0.0,16,val,60,16,0,96.74,includes never-halted
geomean,nsup-16,0.0,16,train,70,1,44223,98.04,
geomean,nsup-16,0.0,16,train,70,2,108,98.04,
geomean,nsup-16,0.0,16,train,70,3,0,98.04,
geomean,nsup-16,0.0,16,train,70,4,0,98.04,
geomean,nsup-16,0.0,16,train,70,5,0,98.04,
geomean,nsup-16,0.0,16,train,70,6,0,98.04,
geomean,nsup-16,0.0,16,train,70,7,0,98.04,
geomean,nsup-16,0.0,16,train,70,8,0,98.04,
geomean,nsup-16,0.0,16,train,70,9,0,98.04,
geomean,nsup-16,0.0,16,train,70,10,0,98.04,
geomean,nsup-16,0.0,16,train,70,11,0,98.04,
geomean,nsup-16,0.0,16,train,70,12,0,98.04,
geomean,nsup-16,0.0,16,train,70,13,0,98.04,
geomean,nsup-16,0.0,16,train,70,14,0,98.04,
geomean,nsup-16,0.0,16,train,70,15,0,98.04,
geomean,nsup-16,0.0,16,train,70,16,669,98.04,includes never-halted
geomean,nsup-16,0.0,16,val,70,1,5000,98.04,
geomean,nsup-16,0.0,16,val,70,2,0,98.04,
geomean,nsup-16,0.0,16,val,70,3,0,98.04,
geomean,nsup-16,0.0,16,val,70,4,0,98.04,
geomean,nsup-16,0.0,16,val,70,5,0,98.04,
geomean,nsup-16,0.0,16,val,70,6,0,98.04,
geomean,nsup-16,0.0,16,val,70,7,0,98.04,
geomean,nsup-16,0.0,16,val,70,8,0,98.04,
geomean,nsup-16,0.0,16,val,70,9,0,98.04,
geomean,nsup-16,0.0,16,val,70,10,0,98.04,
geomean,nsup-16,0.0,16,val,70,11,0,98.04,
geomean,nsup-16,0.0,16,val,70,12,0,98.04,
geomean,nsup-16,0.0,16,val,70,13,0,98.04,
geomean,nsup-16,0.0,16,val,70,14,0,98.04,
geomean,nsup-16,0.0,16,val,70,15,0,98.04,
geomean,nsup-16,0.0,16,val,70,16,0,98.04,includes never-halted
geomean,nsup-16,0.0,16,train,80,1,45000,97.78,
geomean,nsup-16,0.0,16,train,80,2,0,97.78,
geomean,nsup-16,0.0,16,train,80,3,0,97.78,
geomean,nsup-16,0.0,16,train,80,4,0,97.78,
geomean,nsup-16,0.0,16,train,80,5,0,97.78,
geomean,nsup-16,0.0,16,train,80,6,0,97.78,
geomean,nsup-16,0.0,16,train,80,7,0,97.78,
geomean,nsup-16,0.0,16,train,80,8,0,97.78,
geomean,nsup-16,0.0,16,train,80,9,0,97.78,
geomean,nsup-16,0.0,16,train,80,10,0,97.78,
geomean,nsup-16,0.0,16,train,80,11,0,97.78,
geomean,nsup-16,0.0,16,train,80,12,0,97.78,
geomean,nsup-16,0.0,16,train,80,13,0,97.78,
geomean,nsup-16,0.0,16,train,80,14,0,97.78,
geomean,nsup-16,0.0,16,train,80,15,0,97.78,
geomean,nsup-16,0.0,16,train,80,16,0,97.78,includes never-halted
geomean,nsup-16,0.0,16,val,80,1,5000,97.78,
geomean,nsup-16,0.0,16,val,80,2,0,97.78,
geomean,nsup-16,0.0,16,val,80,3,0,97.78,
geomean,nsup-16,0.0,16,val,80,4,0,97.78,
geomean,nsup-16,0.0,16,val,80,5,0,97.78,
geomean,nsup-16,0.0,16,val,80,6,0,97.78,
geomean,nsup-16,0.0,16,val,80,7,0,97.78,
geomean,nsup-16,0.0,16,val,80,8,0,97.78,
geomean,nsup-16,0.0,16,val,80,9,0,97.78,
geomean,nsup-16,0.0,16,val,80,10,0,97.78,
geomean,nsup-16,0.0,16,val,80,11,0,97.78,
geomean,nsup-16,0.0,16,val,80,12,0,97.78,
geomean,nsup-16,0.0,16,val,80,13,0,97.78,
geomean,nsup-16,0.0,16,val,80,14,0,97.78,
geomean,nsup-16,0.0,16,val,80,15,0,97.78,
geomean,nsup-16,0.0,16,val,80,16,0,97.78,includes never-halted
geomean,nsup-16,0.0,16,train,90,1,45000,98.76,
geomean,nsup-16,0.0,16,train,90,2,0,98.76,
geomean,nsup-16,0.0,16,train,90,3,0,98.76,
geomean,nsup-16,0.0,16,train,90,4,0,98.76,
geomean,nsup-16,0.0,16,train,90,5,0,98.76,
geomean,nsup-16,0.0,16,train,90,6,0,98.76,
geomean,nsup-16,0.0,16,train,90,7,0,98.76,
geomean,nsup-16,0.0,16,train,90,8,0,98.76,
geomean,nsup-16,0.0,16,train,90,9,0,98.76,
geomean,nsup-16,0.0,16,train,90,10,0,98.76,
geomean,nsup-16,0.0,16,train,90,11,0,98.76,
geomean,nsup-16,0.0,16,train,90,12,0,98.76,
geomean,nsup-16,0.0,16,train,90,13,0,98.76,
geomean,nsup-16,0.0,16,train,90,14,0,98.76,
geomean,nsup-16,0.0,16,train,90,15,0,98.76,
geomean,nsup-16,0.0,16,train,90,16,0,98.76,includes never-halted
geomean,nsup-16,0.0,16,val,90,1,5000,98.76,
geomean,nsup-16,0.0,16,val,90,2,0,98.76,
geomean,nsup-16,0.0,16,val,90,3,0,98.76,
geomean,nsup-16,0.0,16,val,90,4,0,98.76,
geomean,nsup-16,0.0,16,val,90,5,0,98.76,
geomean,nsup-16,0.0,16,val,90,6,0,98.76,
geomean,nsup-16,0.0,16,val,90,7,0,98.76,
geomean,nsup-16,0.0,16,val,90,8,0,98.76,
geomean,nsup-16,0.0,16,val,90,9,0,98.76,
geomean,nsup-16,0.0,16,val,90,10,0,98.76,
geomean,nsup-16,0.0,16,val,90,11,0,98.76,
geomean,nsup-16,0.0,16,val,90,12,0,98.76,
geomean,nsup-16,0.0,16,val,90,13,0,98.76,
geomean,nsup-16,0.0,16,val,90,14,0,98.76,
geomean,nsup-16,0.0,16,val,90,15,0,98.76,
geomean,nsup-16,0.0,16,val,90,16,0,98.76,includes never-halted
