loss,config,halt_threshold,n_sup,epoch,sup_step,val_halt_logit_mean,val_acc
softmean,halt-0,0.0,5,0,1,-0.473,0.08
softmean,halt-0,0.0,5,0,2,-0.455,0.08
softmean,halt-0,0.0,5,0,3,-0.465,0.08
softmean,halt-0,0.0,5,0,4,-0.461,0.08
softmean,halt-0,0.0,5,0,5,-0.463,0.08
softmean,halt-0,0.0,5,10,1,0.354,2.52
softmean,halt-0,0.0,5,10,2,0.345,2.52
softmean,halt-0,0.0,5,20,1,1.207,9.18
softmean,halt-0,0.0,5,30,1,2.083,44.58
softmean,halt-0,0.0,5,40,1,4.816,95.44
softmean,halt-0,0.0,5,50,1,5.092,97.34
softmean,halt-0,0.0,5,60,1,7.288,99.66
softmean,halt-0,0.0,5,70,1,6.995,99.68
softmean,halt-0,0.0,5,80,1,5.286,96.86
softmean,halt-0,0.0,5,90,1,5.511,97.26
softmean,halt-1.5,1.5,5,0,1,-0.601,0.08
softmean,halt-1.5,1.5,5,0,2,-0.575,0.08
softmean,halt-1.5,1.5,5,0,3,-0.579,0.08
softmean,halt-1.5,1.5,5,0,4,-0.581,0.08
softmean,halt-1.5,1.5,5,0,5,-0.581,0.08
softmean,halt-1.5,1.5,5,10,1,0.944,6.44
softmean,halt-1.5,1.5,5,10,2,0.978,6.44
softmean,halt-1.5,1.5,5,10,3,0.969,6.44
softmean,halt-1.5,1.5,5,10,4,0.971,6.44
softmean,halt-1.5,1.5,5,10,5,0.973,6.44
softmean,halt-1.5,1.5,5,20,1,1.210,8.32
softmean,halt-1.5,1.5,5,20,2,1.237,8.32
softmean,halt-1.5,1.5,5,20,3,1.237,8.32
softmean,halt-1.5,1.5,5,20,4,1.237,8.32
softmean,halt-1.5,1.5,5,20,5,1.237,8.32
softmean,halt-1.5,1.5,5,30,1,1.384,12.44
softmean,halt-1.5,1.5,5,30,2,1.396,12.44
softmean,halt-1.5,1.5,5,30,3,1.398,12.44
softmean,halt-1.5,1.5,5,30,4,1.393,12.44
softmean,halt-1.5,1.5,5,30,5,1.395,12.44
softmean,halt-1.5,1.5,5,40,1,2.189,53.28
softmean,halt-1.5,1.5,5,40,2,2.207,53.28
softmean,halt-1.5,1.5,5,40,3,2.210,53.28
softmean,halt-1.5,1.5,5,40,4,2.208,53.28
softmean,halt-1.5,1.5,5,40,5,2.207,53.28
softmean,halt-1.5,1.5,5,50,1,6.183,98.14
softmean,halt-1.5,1.5,5,60,1,7.232,98.72
softmean,halt-1.5,1.5,5,70,1,5.171,96.82
softmean,halt-1.5,1.5,5,80,1,1.457,42.82
softmean,halt-1.5,1.5,5,80,2,1.463,42.82
softmean,halt-1.5,1.5,5,80,3,1.457,42.82
softmean,halt-1.5,1.5,5,80,4,1.458,42.82
softmean,halt-1.5,1.5,5,80,5,1.458,42.82
softmean,halt-1.5,1.5,5,90,1,5.924,98.12
softmean,nsup-1,0.0,1,0,1,-0.624,0.10
softmean,nsup-1,0.0,1,10,1,1.130,7.92
softmean,nsup-1,0.0,1,20,1,1.279,8.60
softmean,nsup-1,0.0,1,30,1,3.527,86.60
softmean,nsup-1,0.0,1,40,1,4.839,94.26
softmean,nsup-1,0.0,1,50,1,4.553,94.06
softmean,nsup-1,0.0,1,60,1,5.535,97.56
softmean,nsup-1,0.0,1,70,1,6.275,98.74
softmean,nsup-1,0.0,1,80,1,2.709,76.86
softmean,nsup-1,0.0,1,90,1,6.524,98.90
softmean,halt-3.0,3.0,5,0,1,-0.699,0.08
softmean,halt-3.0,3.0,5,0,2,-0.665,0.08
softmean,halt-3.0,3.0,5,0,3,-0.654,0.08
softmean,halt-3.0,3.0,5,0,4,-0.662,0.08
softmean,halt-3.0,3.0,5,0,5,-0.658,0.08
softmean,halt-3.0,3.0,5,10,1,0.854,6.62
softmean,halt-3.0,3.0,5,10,2,0.954,6.62
softmean,halt-3.0,3.0,5,10,3,0.930,6.62
softmean,halt-3.0,3.0,5,10,4,0.947,6.62
softmean,halt-3.0,3.0,5,10,5,0.931,6.62
softmean,halt-3.0,3.0,5,20,1,1.285,9.00
softmean,halt-3.0,3.0,5,20,2,1.302,9.00
softmean,halt-3.0,3.0,5,20,3,1.302,9.00
softmean,halt-3.0,3.0,5,20,4,1.303,9.00
softmean,halt-3.0,3.0,5,20,5,1.300,9.00
softmean,halt-3.0,3.0,5,30,1,1.401,13.52
softmean,halt-3.0,3.0,5,30,2,1.396,13.52
softmean,halt-3.0,3.0,5,30,3,1.407,13.52
softmean,halt-3.0,3.0,5,30,4,1.405,13.52
softmean,halt-3.0,3.0,5,30,5,1.404,13.52
softmean,halt-3.0,3.0,5,40,1,3.346,75.54
softmean,halt-3.0,3.0,5,40,2,3.441,75.54
softmean,halt-3.0,3.0,5,40,3,3.469,75.54
softmean,halt-3.0,3.0,5,40,4,3.482,75.54
softmean,halt-3.0,3.0,5,40,5,3.480,75.54
softmean,halt-3.0,3.0,5,50,1,3.189,77.50
softmean,halt-3.0,3.0,5,50,2,3.253,77.50
softmean,halt-3.0,3.0,5,50,3,3.222,77.50
softmean,halt-3.0,3.0,5,50,4,3.245,77.50
softmean,halt-3.0,3.0,5,50,5,3.241,77.50
softmean,halt-3.0,3.0,5,60,1,3.217,85.78
softmean,halt-3.0,3.0,5,60,2,3.334,85.78
softmean,halt-3.0,3.0,5,60,3,3.335,85.78
softmean,halt-3.0,3.0,5,60,4,3.320,85.78
softmean,halt-3.0,3.0,5,60,5,3.316,85.78
softmean,halt-3.0,3.0,5,70,1,3.955,90.04
softmean,halt-3.0,3.0,5,70,2,3.955,90.04
softmean,halt-3.0,3.0,5,70,3,3.973,90.04
softmean,halt-3.0,3.0,5,70,4,3.971,90.04
softmean,halt-3.0,3.0,5,70,5,3.976,90.04
softmean,halt-3.0,3.0,5,80,1,3.618,87.28
softmean,halt-3.0,3.0,5,80,2,3.681,87.28
softmean,halt-3.0,3.0,5,80,3,3.699,87.28
softmean,halt-3.0,3.0,5,80,4,3.690,87.28
softmean,halt-3.0,3.0,5,80,5,3.684,87.28
softmean,halt-3.0,3.0,5,90,1,3.956,86.60
softmean,halt-3.0,3.0,5,90,2,4.026,86.60
softmean,nsup-16,0.0,16,0,1,-0.666,0.06
softmean,nsup-16,0.0,16,0,2,-0.695,0.06
softmean,nsup-16,0.0,16,0,3,-0.703,0.06
softmean,nsup-16,0.0,16,0,4,-0.704,0.06
softmean,nsup-16,0.0,16,0,5,-0.706,0.06
softmean,nsup-16,0.0,16,0,6,-0.705,0.06
softmean,nsup-16,0.0,16,0,7,-0.706,0.06
softmean,nsup-16,0.0,16,0,8,-0.705,0.06
softmean,nsup-16,0.0,16,0,9,-0.705,0.06
softmean,nsup-16,0.0,16,0,10,-0.705,0.06
softmean,nsup-16,0.0,16,0,11,-0.705,0.06
softmean,nsup-16,0.0,16,0,12,-0.705,0.06
softmean,nsup-16,0.0,16,0,13,-0.705,0.06
softmean,nsup-16,0.0,16,0,14,-0.705,0.06
softmean,nsup-16,0.0,16,0,15,-0.705,0.06
softmean,nsup-16,0.0,16,0,16,-0.705,0.06
softmean,nsup-16,0.0,16,10,1,0.247,2.00
softmean,nsup-16,0.0,16,10,2,0.247,2.00
softmean,nsup-16,0.0,16,10,3,0.257,2.00
softmean,nsup-16,0.0,16,10,4,0.249,2.00
softmean,nsup-16,0.0,16,10,5,0.254,2.00
softmean,nsup-16,0.0,16,10,6,0.251,2.00
softmean,nsup-16,0.0,16,10,7,0.252,2.00
softmean,nsup-16,0.0,16,10,8,0.252,2.00
softmean,nsup-16,0.0,16,10,9,0.251,2.00
softmean,nsup-16,0.0,16,10,10,0.252,2.00
softmean,nsup-16,0.0,16,10,11,0.251,2.00
softmean,nsup-16,0.0,16,10,12,0.252,2.00
softmean,nsup-16,0.0,16,10,13,0.250,2.00
softmean,nsup-16,0.0,16,10,14,0.253,2.00
softmean,nsup-16,0.0,16,10,15,0.250,2.00
softmean,nsup-16,0.0,16,10,16,0.255,2.00
softmean,nsup-16,0.0,16,20,1,1.143,8.46
softmean,nsup-16,0.0,16,30,1,1.321,9.72
softmean,nsup-16,0.0,16,40,1,4.415,89.48
softmean,nsup-16,0.0,16,50,1,5.094,96.94
softmean,nsup-16,0.0,16,60,1,5.847,98.66
softmean,nsup-16,0.0,16,70,1,6.711,98.58
softmean,nsup-16,0.0,16,80,1,4.523,94.26
softmean,nsup-16,0.0,16,90,1,4.507,94.72
binary-em,halt-0,0.0,5,0,1,-7.166,0.08
binary-em,halt-0,0.0,5,0,2,-6.851,0.08
binary-em,halt-0,0.0,5,0,3,-6.982,0.08
binary-em,halt-0,0.0,5,0,4,-6.974,0.08
binary-em,halt-0,0.0,5,0,5,-6.979,0.08
binary-em,halt-0,0.0,5,10,1,-2.712,6.82
binary-em,halt-0,0.0,5,10,2,-2.608,6.82
binary-em,halt-0,0.0,5,10,3,-2.579,6.82
binary-em,halt-0,0.0,5,10,4,-2.574,6.82
binary-em,halt-0,0.0,5,10,5,-2.572,6.82
binary-em,halt-0,0.0,5,20,1,-2.334,8.22
binary-em,halt-0,0.0,5,20,2,-2.320,8.22
binary-em,halt-0,0.0,5,20,3,-2.331,8.22
binary-em,halt-0,0.0,5,20,4,-2.326,8.22
binary-em,halt-0,0.0,5,20,5,-2.331,8.22
binary-em,halt-0,0.0,5,30,1,-1.466,23.06
binary-em,halt-0,0.0,5,30,2,-1.458,23.06
binary-em,halt-0,0.0,5,30,3,-1.461,23.06
binary-em,halt-0,0.0,5,30,4,-1.462,23.06
binary-em,halt-0,0.0,5,30,5,-1.463,23.06
binary-em,halt-0,0.0,5,40,1,0.360,66.80
binary-em,halt-0,0.0,5,40,2,0.436,66.80
binary-em,halt-0,0.0,5,40,3,0.441,66.80
binary-em,halt-0,0.0,5,40,4,0.441,66.80
binary-em,halt-0,0.0,5,40,5,0.441,66.80
binary-em,halt-0,0.0,5,50,1,3.877,96.86
binary-em,halt-0,0.0,5,60,1,5.392,99.12
binary-em,halt-0,0.0,5,70,1,5.618,98.88
binary-em,halt-0,0.0,5,80,1,4.385,98.38
binary-em,halt-0,0.0,5,90,1,6.331,99.46
binary-em,halt-1.5,1.5,5,0,1,-7.339,0.06
binary-em,halt-1.5,1.5,5,0,2,-7.017,0.06
binary-em,halt-1.5,1.5,5,0,3,-7.118,0.06
binary-em,halt-1.5,1.5,5,0,4,-7.158,0.06
binary-em,halt-1.5,1.5,5,0,5,-7.129,0.06
binary-em,halt-1.5,1.5,5,10,1,-2.596,6.86
binary-em,halt-1.5,1.5,5,10,2,-2.633,6.86
binary-em,halt-1.5,1.5,5,10,3,-2.572,6.86
binary-em,halt-1.5,1.5,5,10,4,-2.585,6.86
binary-em,halt-1.5,1.5,5,10,5,-2.607,6.86
binary-em,halt-1.5,1.5,5,20,1,-2.306,9.22
binary-em,halt-1.5,1.5,5,20,2,-2.345,9.22
binary-em,halt-1.5,1.5,5,20,3,-2.338,9.22
binary-em,halt-1.5,1.5,5,20,4,-2.336,9.22
binary-em,halt-1.5,1.5,5,20,5,-2.334,9.22
binary-em,halt-1.5,1.5,5,30,1,-1.609,16.36
binary-em,halt-1.5,1.5,5,30,2,-1.636,16.36
binary-em,halt-1.5,1.5,5,30,3,-1.632,16.36
binary-em,halt-1.5,1.5,5,30,4,-1.631,16.36
binary-em,halt-1.5,1.5,5,30,5,-1.630,16.36
binary-em,halt-1.5,1.5,5,40,1,2.017,88.08
binary-em,halt-1.5,1.5,5,40,2,2.143,88.08
binary-em,halt-1.5,1.5,5,40,3,2.143,88.08
binary-em,halt-1.5,1.5,5,40,4,2.135,88.08
binary-em,halt-1.5,1.5,5,40,5,2.139,88.08
binary-em,halt-1.5,1.5,5,50,1,2.299,86.14
binary-em,halt-1.5,1.5,5,50,2,2.420,86.14
binary-em,halt-1.5,1.5,5,50,3,2.412,86.14
binary-em,halt-1.5,1.5,5,50,4,2.409,86.14
binary-em,halt-1.5,1.5,5,50,5,2.413,86.14
binary-em,halt-1.5,1.5,5,60,1,2.587,92.32
binary-em,halt-1.5,1.5,5,60,2,2.714,92.32
binary-em,halt-1.5,1.5,5,70,1,2.387,79.48
binary-em,halt-1.5,1.5,5,70,2,2.499,79.48
binary-em,halt-1.5,1.5,5,70,3,2.448,79.48
binary-em,halt-1.5,1.5,5,70,4,2.458,79.48
binary-em,halt-1.5,1.5,5,70,5,2.466,79.48
binary-em,halt-1.5,1.5,5,80,1,2.465,90.64
binary-em,halt-1.5,1.5,5,80,2,2.580,90.64
binary-em,halt-1.5,1.5,5,80,3,2.550,90.64
binary-em,halt-1.5,1.5,5,80,4,2.546,90.64
binary-em,halt-1.5,1.5,5,80,5,2.542,90.64
binary-em,halt-1.5,1.5,5,90,1,2.128,87.56
binary-em,halt-1.5,1.5,5,90,2,2.227,87.56
binary-em,halt-1.5,1.5,5,90,3,2.205,87.56
binary-em,halt-1.5,1.5,5,90,4,2.202,87.56
binary-em,halt-1.5,1.5,5,90,5,2.206,87.56
binary-em,halt-3.0,3.0,5,0,1,-7.797,0.10
binary-em,halt-3.0,3.0,5,0,2,-7.443,0.10
binary-em,halt-3.0,3.0,5,0,3,-7.565,0.10
binary-em,halt-3.0,3.0,5,0,4,-7.518,0.10
binary-em,halt-3.0,3.0,5,0,5,-7.530,0.10
binary-em,halt-3.0,3.0,5,10,1,-2.792,7.12
binary-em,halt-3.0,3.0,5,10,2,-2.645,7.12
binary-em,halt-3.0,3.0,5,10,3,-2.644,7.12
binary-em,halt-3.0,3.0,5,10,4,-2.656,7.12
binary-em,halt-3.0,3.0,5,10,5,-2.659,7.12
binary-em,halt-3.0,3.0,5,20,1,-2.340,8.36
binary-em,halt-3.0,3.0,5,20,2,-2.362,8.36
binary-em,halt-3.0,3.0,5,20,3,-2.354,8.36
binary-em,halt-3.0,3.0,5,20,4,-2.354,8.36
binary-em,halt-3.0,3.0,5,20,5,-2.352,8.36
binary-em,halt-3.0,3.0,5,30,1,-1.982,9.36
binary-em,halt-3.0,3.0,5,30,2,-1.983,9.36
binary-em,halt-3.0,3.0,5,30,3,-1.975,9.36
binary-em,halt-3.0,3.0,5,30,4,-1.975,9.36
binary-em,halt-3.0,3.0,5,30,5,-1.975,9.36
binary-em,halt-3.0,3.0,5,40,1,2.026,89.68
binary-em,halt-3.0,3.0,5,40,2,2.172,89.68
binary-em,halt-3.0,3.0,5,40,3,2.171,89.68
binary-em,halt-3.0,3.0,5,40,4,2.156,89.68
binary-em,halt-3.0,3.0,5,40,5,2.152,89.68
binary-em,halt-3.0,3.0,5,50,1,2.949,94.10
binary-em,halt-3.0,3.0,5,50,2,3.158,94.10
binary-em,halt-3.0,3.0,5,50,3,3.162,94.10
binary-em,halt-3.0,3.0,5,50,4,3.154,94.10
binary-em,halt-3.0,3.0,5,50,5,3.146,94.10
binary-em,halt-3.0,3.0,5,60,1,3.333,93.80
binary-em,halt-3.0,3.0,5,60,2,3.441,93.80
binary-em,halt-3.0,3.0,5,60,3,3.415,93.80
binary-em,halt-3.0,3.0,5,60,4,3.421,93.80
binary-em,halt-3.0,3.0,5,60,5,3.416,93.80
binary-em,halt-3.0,3.0,5,70,1,3.220,92.50
binary-em,halt-3.0,3.0,5,70,2,3.471,92.50
binary-em,halt-3.0,3.0,5,70,3,3.433,92.50
binary-em,halt-3.0,3.0,5,70,4,3.431,92.50
binary-em,halt-3.0,3.0,5,70,5,3.434,92.50
binary-em,halt-3.0,3.0,5,80,1,3.174,87.94
binary-em,halt-3.0,3.0,5,80,2,3.346,87.94
binary-em,halt-3.0,3.0,5,80,3,3.329,87.94
binary-em,halt-3.0,3.0,5,80,4,3.325,87.94
binary-em,halt-3.0,3.0,5,80,5,3.328,87.94
binary-em,halt-3.0,3.0,5,90,1,1.204,81.12
binary-em,halt-3.0,3.0,5,90,2,1.395,81.12
binary-em,halt-3.0,3.0,5,90,3,1.400,81.12
binary-em,halt-3.0,3.0,5,90,4,1.374,81.12
binary-em,halt-3.0,3.0,5,90,5,1.378,81.12
binary-em,nsup-1,0.0,1,0,1,-7.235,0.06
binary-em,nsup-1,0.0,1,10,1,-2.586,5.94
binary-em,nsup-1,0.0,1,20,1,-2.054,8.90
binary-em,nsup-1,0.0,1,30,1,0.917,72.50
binary-em,nsup-1,0.0,1,40,1,3.976,95.46
binary-em,nsup-1,0.0,1,50,1,3.367,95.22
binary-em,nsup-1,0.0,1,60,1,2.056,87.20
binary-em,nsup-1,0.0,1,70,1,4.531,98.24
binary-em,nsup-1,0.0,1,80,1,4.450,98.32
binary-em,nsup-1,0.0,1,90,1,5.401,99.06
binary-em,nsup-16,0.0,16,0,1,-7.358,0.08
binary-em,nsup-16,0.0,16,0,2,-7.266,0.08
binary-em,nsup-16,0.0,16,0,3,-7.292,0.08
binary-em,nsup-16,0.0,16,0,4,-7.301,0.08
binary-em,nsup-16,0.0,16,0,5,-7.289,0.08
binary-em,nsup-16,0.0,16,0,6,-7.290,0.08
binary-em,nsup-16,0.0,16,0,7,-7.290,0.08
binary-em,nsup-16,0.0,16,0,8,-7.290,0.08
binary-em,nsup-16,0.0,16,0,9,-7.289,0.08
binary-em,nsup-16,0.0,16,0,10,-7.290,0.08
binary-em,nsup-16,0.0,16,0,11,-7.290,0.08
binary-em,nsup-16,0.0,16,0,12,-7.289,0.08
binary-em,nsup-16,0.0,16,0,13,-7.290,0.08
binary-em,nsup-16,0.0,16,0,14,-7.290,0.08
binary-em,nsup-16,0.0,16,0,15,-7.290,0.08
binary-em,nsup-16,0.0,16,0,16,-7.290,0.08
binary-em,nsup-16,0.0,16,10,1,-2.305,6.96
binary-em,nsup-16,0.0,16,10,2,-2.396,6.96
binary-em,nsup-16,0.0,16,10,3,-2.373,6.96
binary-em,nsup-16,0.0,16,10,4,-2.369,6.96
binary-em,nsup-16,0.0,16,10,5,-2.369,6.96
binary-em,nsup-16,0.0,16,10,6,-2.367,6.96
binary-em,nsup-16,0.0,16,10,7,-2.365,6.96
binary-em,nsup-16,0.0,16,10,8,-2.371,6.96
binary-em,nsup-16,0.0,16,10,9,-2.372,6.96
binary-em,nsup-16,0.0,16,10,10,-2.371,6.96
binary-em,nsup-16,0.0,16,10,11,-2.371,6.96
binary-em,nsup-16,0.0,16,10,12,-2.370,6.96
binary-em,nsup-16,0.0,16,10,13,-2.367,6.96
binary-em,nsup-16,0.0,16,10,14,-2.366,6.96
binary-em,nsup-16,0.0,16,10,15,-2.368,6.96
binary-em,nsup-16,0.0,16,10,16,-2.369,6.96
binary-em,nsup-16,0.0,16,20,1,-2.407,8.32
binary-em,nsup-16,0.0,16,20,2,-2.441,8.32
binary-em,nsup-16,0.0,16,20,3,-2.430,8.32
binary-em,nsup-16,0.0,16,20,4,-2.419,8.32
binary-em,nsup-16,0.0,16,20,5,-2.419,8.32
binary-em,nsup-16,0.0,16,20,6,-2.420,8.32
binary-em,nsup-16,0.0,16,20,7,-2.421,8.32
binary-em,nsup-16,0.0,16,20,8,-2.420,8.32
binary-em,nsup-16,0.0,16,20,9,-2.419,8.32
binary-em,nsup-16,0.0,16,20,10,-2.420,8.32
binary-em,nsup-16,0.0,16,20,11,-2.420,8.32
binary-em,nsup-16,0.0,16,20,12,-2.420,8.32
binary-em,nsup-16,0.0,16,20,13,-2.420,8.32
binary-em,nsup-16,0.0,16,20,14,-2.420,8.32
binary-em,nsup-16,0.0,16,20,15,-2.420,8.32
binary-em,nsup-16,0.0,16,20,16,-2.420,8.32
binary-em,nsup-16,0.0,16,30,1,-1.635,14.24
binary-em,nsup-16,0.0,16,30,2,-1.595,14.24
binary-em,nsup-16,0.0,16,30,3,-1.585,14.24
binary-em,nsup-16,0.0,16,30,4,-1.589,14.24
binary-em,nsup-16,0.0,16,30,5,-1.590,14.24
binary-em,nsup-16,0.0,16,30,6,-1.589,14.24
binary-em,nsup-16,0.0,16,30,7,-1.588,14.24
binary-em,nsup-16,0.0,16,30,8,-1.590,14.24
binary-em,nsup-16,0.0,16,30,9,-1.589,14.24
binary-em,nsup-16,0.0,16,30,10,-1.590,14.24
binary-em,nsup-16,0.0,16,30,11,-1.588,14.24
binary-em,nsup-16,0.0,16,30,12,-1.589,14.24
binary-em,nsup-16,0.0,16,30,13,-1.590,14.24
binary-em,nsup-16,0.0,16,30,14,-1.588,14.24
binary-em,nsup-16,0.0,16,30,15,-1.590,14.24
binary-em,nsup-16,0.0,16,30,16,-1.588,14.24
binary-em,nsup-16,0.0,16,40,1,0.548,52.06
binary-em,nsup-16,0.0,16,40,2,0.597,52.06
binary-em,nsup-16,0.0,16,40,3,0.608,52.06
binary-em,nsup-16,0.0,16,40,4,0.608,52.06
binary-em,nsup-16,0.0,16,40,5,0.605,52.06
binary-em,nsup-16,0.0,16,40,6,0.603,52.06
binary-em,nsup-16,0.0,16,40,7,0.603,52.06
binary-em,nsup-16,0.0,16,40,8,0.604,52.06
binary-em,nsup-16,0.0,16,40,9,0.604,52.06
binary-em,nsup-16,0.0,16,40,10,0.604,52.06
binary-em,nsup-16,0.0,16,40,11,0.603,52.06
binary-em,nsup-16,0.0,16,40,12,0.602,52.06
binary-em,nsup-16,0.0,16,40,13,0.602,52.06
binary-em,nsup-16,0.0,16,40,14,0.604,52.06
binary-em,nsup-16,0.0,16,40,15,0.605,52.06
binary-em,nsup-16,0.0,16,40,16,0.604,52.06
binary-em,nsup-16,0.0,16,50,1,1.860,85.80
binary-em,nsup-16,0.0,16,50,2,1.922,85.80
binary-em,nsup-16,0.0,16,60,1,3.803,96.54
binary-em,nsup-16,0.0,16,70,1,5.494,98.72
binary-em,nsup-16,0.0,16,80,1,5.182,98.24
binary-em,nsup-16,0.0,16,90,1,5.217,99.06
geomean,halt-0,0.0,5,0,1,-1.451,0.10
geomean,halt-0,0.0,5,0,2,-1.479,0.10
geomean,halt-0,0.0,5,0,3,-1.445,0.10
geomean,halt-0,0.0,5,0,4,-1.462,0.10
geomean,halt-0,0.0,5,0,5,-1.456,0.10
geomean,halt-0,0.0,5,10,1,-0.056,6.84
geomean,halt-0,0.0,5,10,2,-0.076,6.84
geomean,halt-0,0.0,5,10,3,-0.065,6.84
geomean,halt-0,0.0,5,10,4,-0.063,6.84
geomean,halt-0,0.0,5,10,5,-0.065,6.84
geomean,halt-0,0.0,5,20,1,0.102,7.82
geomean,halt-0,0.0,5,20,2,0.100,7.82
geomean,halt-0,0.0,5,20,3,0.096,7.82
geomean,halt-0,0.0,5,20,4,0.096,7.82
geomean,halt-0,0.0,5,20,5,0.095,7.82
geomean,halt-0,0.0,5,30,1,0.227,7.68
geomean,halt-0,0.0,5,30,2,0.219,7.68
geomean,halt-0,0.0,5,30,3,0.223,7.68
geomean,halt-0,0.0,5,30,4,0.219,7.68
geomean,halt-0,0.0,5,30,5,0.223,7.68
geomean,halt-0,0.0,5,40,1,0.429,14.14
geomean,halt-0,0.0,5,50,1,3.967,94.48
geomean,halt-0,0.0,5,60,1,3.714,95.00
geomean,halt-0,0.0,5,70,1,5.969,98.54
geomean,halt-0,0.0,5,80,1,3.749,95.90
geomean,halt-0,0.0,5,90,1,6.248,99.64
geomean,halt-1.5,1.5,5,0,1,-1.372,0.10
geomean,halt-1.5,1.5,5,0,2,-1.395,0.10
geomean,halt-1.5,1.5,5,0,3,-1.412,0.10
geomean,halt-1.5,1.5,5,0,4,-1.409,0.10
geomean,halt-1.5,1.5,5,0,5,-1.410,0.10
geomean,halt-1.5,1.5,5,10,1,0.048,7.44
geomean,halt-1.5,1.5,5,10,2,0.040,7.44
geomean,halt-1.5,1.5,5,10,3,0.040,7.44
geomean,halt-1.5,1.5,5,10,4,0.039,7.44
geomean,halt-1.5,1.5,5,10,5,0.037,7.44
geomean,halt-1.5,1.5,5,20,1,0.310,7.66
geomean,halt-1.5,1.5,5,20,2,0.311,7.66
geomean,halt-1.5,1.5,5,20,3,0.313,7.66
geomean,halt-1.5,1.5,5,20,4,0.311,7.66
geomean,halt-1.5,1.5,5,20,5,0.313,7.66
geomean,halt-1.5,1.5,5,30,1,0.413,13.24
geomean,halt-1.5,1.5,5,30,2,0.406,13.24
geomean,halt-1.5,1.5,5,30,3,0.404,13.24
geomean,halt-1.5,1.5,5,30,4,0.404,13.24
geomean,halt-1.5,1.5,5,30,5,0.403,13.24
geomean,halt-1.5,1.5,5,40,1,1.973,78.28
geomean,halt-1.5,1.5,5,40,2,2.072,78.28
geomean,halt-1.5,1.5,5,50,1,2.103,78.04
geomean,halt-1.5,1.5,5,50,2,2.205,78.04
geomean,halt-1.5,1.5,5,60,1,3.945,96.24
geomean,halt-1.5,1.5,5,70,1,2.303,86.12
geomean,halt-1.5,1.5,5,80,1,2.619,89.16
geomean,halt-1.5,1.5,5,90,1,5.341,98.64
geomean,halt-3.0,3.0,5,0,1,-1.366,0.06
geomean,halt-3.0,3.0,5,0,2,-1.269,0.06
geomean,halt-3.0,3.0,5,0,3,-1.297,0.06
geomean,halt-3.0,3.0,5,0,4,-1.288,0.06
geomean,halt-3.0,3.0,5,0,5,-1.292,0.06
geomean,halt-3.0,3.0,5,10,1,0.037,7.34
geomean,halt-3.0,3.0,5,10,2,0.053,7.34
geomean,halt-3.0,3.0,5,10,3,0.040,7.34
geomean,halt-3.0,3.0,5,10,4,0.036,7.34
geomean,halt-3.0,3.0,5,10,5,0.040,7.34
geomean,halt-3.0,3.0,5,20,1,0.222,8.54
geomean,halt-3.0,3.0,5,20,2,0.225,8.54
geomean,halt-3.0,3.0,5,20,3,0.229,8.54
geomean,halt-3.0,3.0,5,20,4,0.228,8.54
geomean,halt-3.0,3.0,5,20,5,0.225,8.54
geomean,halt-3.0,3.0,5,30,1,1.765,75.18
geomean,halt-3.0,3.0,5,30,2,1.974,75.18
geomean,halt-3.0,3.0,5,30,3,1.950,75.18
geomean,halt-3.0,3.0,5,30,4,1.948,75.18
geomean,halt-3.0,3.0,5,30,5,1.950,75.18
geomean,halt-3.0,3.0,5,40,1,2.959,87.70
geomean,halt-3.0,3.0,5,40,2,3.222,87.70
geomean,halt-3.0,3.0,5,40,3,3.190,87.70
geomean,halt-3.0,3.0,5,40,4,3.188,87.70
geomean,halt-3.0,3.0,5,40,5,3.188,87.70
geomean,halt-3.0,3.0,5,50,1,3.097,92.72
geomean,halt-3.0,3.0,5,50,2,3.261,92.72
geomean,halt-3.0,3.0,5,50,3,3.213,92.72
geomean,halt-3.0,3.0,5,50,4,3.228,92.72
geomean,halt-3.0,3.0,5,50,5,3.222,92.72
geomean,halt-3.0,3.0,5,60,1,3.209,91.72
geomean,halt-3.0,3.0,5,60,2,3.349,91.72
geomean,halt-3.0,3.0,5,60,3,3.334,91.72
geomean,halt-3.0,3.0,5,60,4,3.333,91.72
geomean,halt-3.0,3.0,5,60,5,3.330,91.72
geomean,halt-3.0,3.0,5,70,1,2.597,88.92
geomean,halt-3.0,3.0,5,70,2,2.806,88.92
geomean,halt-3.0,3.0,5,70,3,2.774,88.92
geomean,halt-3.0,3.0,5,70,4,2.775,88.92
geomean,halt-3.0,3.0,5,70,5,2.772,88.92
geomean,halt-3.0,3.0,5,80,1,3.430,92.54
geomean,halt-3.0,3.0,5,80,2,3.603,92.54
geomean,halt-3.0,3.0,5,80,3,3.596,92.54
geomean,halt-3.0,3.0,5,80,4,3.581,92.54
geomean,halt-3.0,3.0,5,80,5,3.579,92.54
geomean,halt-3.0,3.0,5,90,1,3.581,95.54
geomean,halt-3.0,3.0,5,90,2,3.639,95.54
geomean,halt-3.0,3.0,5,90,3,3.632,95.54
geomean,halt-3.0,3.0,5,90,4,3.621,95.54
geomean,halt-3.0,3.0,5,90,5,3.626,95.54
geomean,nsup-1,0.0,1,0,1,-1.386,0.04
geomean,nsup-1,0.0,1,10,1,0.101,6.86
geomean,nsup-1,0.0,1,20,1,0.260,8.18
geomean,nsup-1,0.0,1,30,1,1.700,68.76
geomean,nsup-1,0.0,1,40,1,4.363,97.74
geomean,nsup-1,0.0,1,50,1,5.424,96.70
geomean,nsup-1,0.0,1,60,1,4.412,95.82
geomean,nsup-1,0.0,1,70,1,4.655,98.76
geomean,nsup-1,0.0,1,80,1,6.055,98.84
geomean,nsup-1,0.0,1,90,1,5.587,99.10
geomean,nsup-16,0.0,16,0,1,-1.454,0.04
geomean,nsup-16,0.0,16,0,2,-1.426,0.04
geomean,nsup-16,0.0,16,0,3,-1.450,0.04
geomean,nsup-16,0.0,16,0,4,-1.445,0.04
geomean,nsup-16,0.0,16,0,5,-1.446,0.04
geomean,nsup-16,0.0,16,0,6,-1.445,0.04
geomean,nsup-16,0.0,16,0,7,-1.446,0.04
geomean,nsup-16,0.0,16,0,8,-1.446,0.04
geomean,nsup-16,0.0,16,0,9,-1.446,0.04
geomean,nsup-16,0.0,16,0,10,-1.446,0.04
geomean,nsup-16,0.0,16,0,11,-1.446,0.04
geomean,nsup-16,0.0,16,0,12,-1.446,0.04
geomean,nsup-16,0.0,16,0,13,-1.446,0.04
geomean,nsup-16,0.0,16,0,14,-1.446,0.04
geomean,nsup-16,0.0,16,0,15,-1.446,0.04
geomean,nsup-16,0.0,16,0,16,-1.446,0.04
geomean,nsup-16,0.0,16,10,1,-0.097,5.62
geomean,nsup-16,0.0,16,10,2,-0.098,5.62
geomean,nsup-16,0.0,16,10,3,-0.086,5.62
geomean,nsup-16,0.0,16,10,4,-0.085,5.62
geomean,nsup-16,0.0,16,10,5,-0.081,5.62
geomean,nsup-16,0.0,16,10,6,-0.088,5.62
geomean,nsup-16,0.0,16,10,7,-0.083,5.62
geomean,nsup-16,0.0,16,10,8,-0.081,5.62
geomean,nsup-16,0.0,16,10,9,-0.085,5.62
geomean,nsup-16,0.0,16,10,10,-0.083,5.62
geomean,nsup-16,0.0,16,10,11,-0.084,5.62
geomean,nsup-16,0.0,16,10,12,-0.082,5.62
geomean,nsup-16,0.0,16,10,13,-0.083,5.62
geomean,nsup-16,0.0,16,10,14,-0.087,5.62
geomean,nsup-16,0.0,16,10,15,-0.081,5.62
geomean,nsup-16,0.0,16,10,16,-0.082,5.62
geomean,nsup-16,0.0,16,20,1,0.118,6.66
geomean,nsup-16,0.0,16,20,2,0.109,6.66
geomean,nsup-16,0.0,16,20,3,0.102,6.66
geomean,nsup-16,0.0,16,20,4,0.106,6.66
geomean,nsup-16,0.0,16,20,5,0.106,6.66
geomean,nsup-16,0.0,16,20,6,0.105,6.66
geomean,nsup-16,0.0,16,20,7,0.105,6.66
geomean,nsup-16,0.0,16,20,8,0.105,6.66
geomean,nsup-16,0.0,16,20,9,0.106,6.66
geomean,nsup-16,0.0,16,20,10,0.105,6.66
geomean,nsup-16,0.0,16,20,11,0.105,6.66
geomean,nsup-16,0.0,16,20,12,0.106,6.66
geomean,nsup-16,0.0,16,20,13,0.105,6.66
geomean,nsup-16,0.0,16,20,14,0.105,6.66
geomean,nsup-16,0.0,16,20,15,0.105,6.66
geomean,nsup-16,0.0,16,20,16,0.106,6.66
geomean,nsup-16,0.0,16,30,1,0.060,7.90
geomean,nsup-16,0.0,16,30,2,0.056,7.90
geomean,nsup-16,0.0,16,30,3,0.053,7.90
geomean,nsup-16,0.0,16,30,4,0.054,7.90
geomean,nsup-16,0.0,16,30,5,0.054,7.90
geomean,nsup-16,0.0,16,30,6,0.054,7.90
geomean,nsup-16,0.0,16,30,7,0.054,7.90
geomean,nsup-16,0.0,16,30,8,0.054,7.90
geomean,nsup-16,0.0,16,30,9,0.054,7.90
geomean,nsup-16,0.0,16,30,10,0.054,7.90
geomean,nsup-16,0.0,16,30,11,0.054,7.90
geomean,nsup-16,0.0,16,30,12,0.054,7.90
geomean,nsup-16,0.0,16,30,13,0.054,7.90
geomean,nsup-16,0.0,16,30,14,0.054,7.90
geomean,nsup-16,0.0,16,30,15,0.054,7.90
geomean,nsup-16,0.0,16,30,16,0.054,7.90
geomean,nsup-16,0.0,16,40,1,0.183,9.94
geomean,nsup-16,0.0,16,40,2,0.182,9.94
geomean,nsup-16,0.0,16,40,3,0.179,9.94
geomean,nsup-16,0.0,16,40,4,0.179,9.94
geomean,nsup-16,0.0,16,40,5,0.179,9.94
geomean,nsup-16,0.0,16,40,6,0.179,9.94
geomean,nsup-16,0.0,16,40,7,0.179,9.94
geomean,nsup-16,0.0,16,40,8,0.179,9.94
geomean,nsup-16,0.0,16,40,9,0.179,9.94
geomean,nsup-16,0.0,16,40,10,0.179,9.94
geomean,nsup-16,0.0,16,40,11,0.179,9.94
geomean,nsup-16,0.0,16,40,12,0.179,9.94
geomean,nsup-16,0.0,16,40,13,0.179,9.94
geomean,nsup-16,0.0,16,40,14,0.179,9.94
geomean,nsup-16,0.0,16,40,15,0.179,9.94
geomean,nsup-16,0.0,16,40,16,0.179,9.94
geomean,nsup-16,0.0,16,50,1,2.553,83.90
geomean,nsup-16,0.0,16,60,1,4.182,96.74
geomean,nsup-16,0.0,16,70,1,4.434,98.04
geomean,nsup-16,0.0,16,80,1,5.171,97.78
geomean,nsup-16,0.0,16,90,1,4.935,98.76
